Name,CR,Type,Size,AC,HP,Movement,Alignment,Legendary,Sourcebook
Aarakocra,1/4,humanoid (aarakocra),Medium,12,13,fly,neutral good,-,Monster Manual (BR+)
Aberrant Spirit,-,aberration,Medium,11,40,fly,-,-,Tasha´s Cauldron of Everything
Abjurer legacy,9,humanoid (any race),Medium,12,84,-,any alignment,-,Volo´s Guide to Monsters
Abjurer Wizard,9,humanoid,Medium,12,104,-,any alignment,-,Monsters of the Multiverse
Aboleth,10,aberration,Large,17,135,swim,lawful evil,Legendary,Monster Manual (SRD)
Abominable Yeti,9,monstrosity,Huge,15,137,-,chaotic evil,-,Monster Manual
Acererak,23,undead,Medium,21,285,-,neutral evil,Legendary,Adventures (Tomb of Annihilation)
Acolyte,1/4,humanoid (any race),Medium,10,9,-,any alignment,-,Monster Manual (SRD)
Adult Amethyst Dragon,16,dragon (gem),Huge,19,229,"fly, swim",neutral,Legendary,Fizban´s Treasury of Dragons
Adult Black Dragon,14,dragon (chromatic),Huge,19,195,"fly, swim",chaotic evil,Legendary,Monster Manual (SRD)
Adult Blue Dracolich,17,undead,Huge,19,225,fly,lawful evil,Legendary,Monster Manual
Adult Blue Dragon,16,dragon (chromatic),Huge,19,225,fly,lawful evil,Legendary,Monster Manual (SRD)
Adult Brass Dragon,13,dragon (metallic),Huge,18,172,fly,chaotic good,Legendary,Monster Manual (SRD)
Adult Bronze Dragon,15,dragon (metallic),Huge,19,212,"fly, swim",lawful good,Legendary,Monster Manual (SRD)
Adult Copper Dragon,14,dragon (metallic),Huge,18,184,fly,chaotic good,Legendary,Monster Manual (SRD)
Adult Crystal Dragon,12,dragon (gem),Huge,16,172,fly,chaotic neutral,Legendary,Fizban´s Treasury of Dragons
Adult Deep Dragon,11,dragon,Huge,17,147,"fly, swim",neutral evil,Legendary,Fizban´s Treasury of Dragons
Adult Emerald Dragon,14,dragon (gem),Huge,18,207,fly,lawful neutral,Legendary,Fizban´s Treasury of Dragons
Adult Gold Dragon,17,dragon (metallic),Huge,19,256,"fly, swim",lawful good,Legendary,Monster Manual (SRD)
Adult Green Dragon,15,dragon (chromatic),Huge,19,207,"fly, swim",lawful evil,Legendary,Monster Manual (SRD)
Adult Kruthik,2,monstrosity,Medium,18,39,-,unaligned,-,Monsters of the Multiverse
Adult Kruthik legacy,2,monstrosity,Medium,18,39,-,unaligned,-,Mordenkainen´s Tome of Foes
Adult Moonstone Dragon,15,dragon,Huge,19,195,fly,neutral,Legendary,Fizban´s Treasury of Dragons
Adult Oblex,5,ooze,Medium,14,75,-,lawful evil,-,Monsters of the Multiverse
Adult Oblex legacy,5,ooze,Medium,14,75,-,lawful evil,-,Mordenkainen´s Tome of Foes
Adult Red Dragon,17,dragon (chromatic),Huge,19,256,fly,chaotic evil,Legendary,Monster Manual (SRD)
Adult Sapphire Dragon,15,dragon (gem),Huge,18,225,fly,lawful neutral,Legendary,Fizban´s Treasury of Dragons
Adult Silver Dragon,16,dragon (metallic),Huge,19,243,fly,lawful good,Legendary,Monster Manual (SRD)
Adult Topaz Dragon,13,dragon (gem),Huge,18,210,"fly, swim",chaotic neutral,Legendary,Fizban´s Treasury of Dragons
Adult White Dragon,13,dragon (chromatic),Huge,18,200,"fly, swim",chaotic evil,Legendary,Monster Manual (SRD)
Air Elemental,5,elemental,Large,15,90,fly,neutral,-,Monster Manual (SRD)
Air Elemental Myrmidon,7,elemental,Medium,18,117,fly,neutral,-,Monsters of the Multiverse
Air Elemental Myrmidon legacy,7,elemental,Medium,18,117,fly,neutral,-,Mordenkainen´s Tome of Foes
Alhoon,10,"undead (mind flayer, wizard)",Medium,15,150,fly,neutral evil,-,Monsters of the Multiverse
Alhoon legacy,10,undead,Medium,15,120,-,any evil alignment,-,Volo´s Guide to Monsters
Alkilith,11,fiend (demon),Medium,17,168,-,chaotic evil,-,Monsters of the Multiverse
Alkilith legacy,11,fiend (demon),Medium,17,157,-,chaotic evil,-,Mordenkainen´s Tome of Foes
Allip,5,undead,Medium,13,40,fly,neutral evil,-,Monsters of the Multiverse
Allip legacy,5,undead,Medium,13,40,fly,neutral evil,-,Mordenkainen´s Tome of Foes
Allosaurus,2,beast,Large,13,51,-,unaligned,-,Monster Manual (BR)
Amethyst Dragon Wyrmling,4,dragon (gem),Medium,17,75,"fly, swim",neutral,-,Fizban´s Treasury of Dragons
Amnizu,18,fiend (devil),Medium,21,202,fly,lawful evil,-,Monsters of the Multiverse
Amnizu legacy,18,fiend (devil),Medium,21,202,fly,lawful evil,-,Mordenkainen´s Tome of Foes
Ancient Amethyst Dragon,23,dragon (gem),Gargantuan,20,444,"fly, swim",neutral,Legendary,Fizban´s Treasury of Dragons
Ancient Black Dragon,21,dragon (chromatic),Gargantuan,22,367,"fly, swim",chaotic evil,Legendary,Monster Manual (SRD)
Ancient Blue Dragon,23,dragon (chromatic),Gargantuan,22,481,fly,lawful evil,Legendary,Monster Manual (SRD)
Ancient Brass Dragon,20,dragon (metallic),Gargantuan,20,297,fly,chaotic good,Legendary,Monster Manual (SRD)
Ancient Bronze Dragon,22,dragon (metallic),Gargantuan,22,444,"fly, swim",lawful good,Legendary,Monster Manual (SRD)
Ancient Copper Dragon,21,dragon (metallic),Gargantuan,21,350,fly,chaotic good,Legendary,Monster Manual (SRD)
Ancient Crystal Dragon,19,dragon (gem),Gargantuan,20,222,fly,chaotic neutral,Legendary,Fizban´s Treasury of Dragons
Ancient Deep Dragon,18,dragon,Gargantuan,20,201,"fly, swim",neutral evil,Legendary,Fizban´s Treasury of Dragons
Ancient Dragon Turtle,24,dragon,Gargantuan,22,409,swim,neutral,Mythic,Fizban´s Treasury of Dragons
Ancient Emerald Dragon,21,dragon (gem),Gargantuan,20,332,fly,lawful neutral,Legendary,Fizban´s Treasury of Dragons
Ancient Gold Dragon,24,dragon (metallic),Gargantuan,22,546,"fly, swim",lawful good,Legendary,Monster Manual (SRD)
Ancient Green Dragon,22,dragon (chromatic),Gargantuan,21,385,"fly, swim",lawful evil,Legendary,Monster Manual (SRD)
Ancient Moonstone Dragon,21,dragon,Gargantuan,20,330,fly,neutral,Legendary,Fizban´s Treasury of Dragons
Ancient Red Dragon,24,dragon (chromatic),Gargantuan,22,546,fly,chaotic evil,Legendary,Monster Manual (SRD)
Ancient Sapphire Dragon,22,dragon (gem),Gargantuan,20,370,fly,lawful neutral,Legendary,Fizban´s Treasury of Dragons
Ancient Sea Serpent,14,dragon,Gargantuan,17,170,swim,neutral,Legendary,Fizban´s Treasury of Dragons
Ancient Shadow,1,undead,Medium,13,32,-,chaotic evil,-,Extra (AideDD)
Ancient Silver Dragon,23,dragon (metallic),Gargantuan,22,487,fly,lawful good,Legendary,Monster Manual (SRD)
Ancient Topaz Dragon,20,dragon (gem),Gargantuan,20,280,"fly, swim",chaotic neutral,Legendary,Fizban´s Treasury of Dragons
Ancient White Dragon,20,dragon (chromatic),Gargantuan,20,333,"fly, swim",chaotic evil,Legendary,Monster Manual (SRD)
Androsphinx,17,monstrosity,Large,17,199,fly,lawful neutral,Legendary,Monster Manual (SRD)
Angry Sorrowsworn,13,monstrosity,Medium,18,255,-,neutral evil,-,Monsters of the Multiverse
Animated Armor,1,construct,Medium,18,33,-,unaligned,-,Monster Manual (SRD)
Animated Breath,6,elemental,Large,15,95,fly,neutral evil,-,Fizban´s Treasury of Dragons
Ankheg,2,monstrosity,Large,14,39,-,unaligned,-,Monster Manual (SRD)
Ankylosaurus,3,beast,Huge,15,68,-,unaligned,-,Monster Manual (BR)
Annis Hag,6,fey,Large,17,90,-,chaotic evil,-,Monsters of the Multiverse
Annis Hag legacy,6,fey,Large,17,75,-,chaotic evil,-,Volo´s Guide to Monsters
Ape,1/2,beast,Medium,12,19,-,unaligned,-,Monster Manual (SRD)
Apprentice Wizard,1/4,humanoid,Medium,10,13,-,any alignment,-,Monsters of the Multiverse
Apprentice Wizard legacy,1/4,humanoid (any race),Medium,10,9,-,any alignment,-,Volo´s Guide to Monsters
Arcanaloth,12,fiend (yugoloth),Medium,17,104,fly,neutral evil,-,Monster Manual
Archdruid,12,humanoid (druid),Medium,14,154,-,any alignment,-,Monsters of the Multiverse
Archdruid legacy,12,humanoid (any race),Medium,16,132,-,any alignment,-,Volo´s Guide to Monsters
Archer,3,humanoid,Medium,16,75,-,any alignment,-,Monsters of the Multiverse
Archer legacy,3,humanoid (any race),Medium,16,75,-,any alignment,-,Volo´s Guide to Monsters
Archmage,12,humanoid (any race),Medium,12,99,-,any alignment,-,Monster Manual (SRD)
Armanite,7,fiend (demon),Large,16,94,-,chaotic evil,-,Monsters of the Multiverse
Armanite legacy,7,fiend (demon),Large,16,84,-,chaotic evil,-,Mordenkainen´s Tome of Foes
Assassin,8,humanoid (any race),Medium,15,78,-,any non-good alignment,-,Monster Manual (SRD)
Assassin Vine,3,plant,Large,13,85,-,unaligned,-,Adventures (Tomb of Annihilation)
Astral Dreadnought,21,monstrosity (titan),Gargantuan,20,297,fly,unaligned,Legendary,Monsters of the Multiverse
Astral Dreadnought legacy,21,monstrosity (titan),Gargantuan,20,297,fly,unaligned,Legendary,Mordenkainen´s Tome of Foes
Aurochs,2,beast (cattle),Large,11,38,-,unaligned,-,Monsters of the Multiverse
Aurochs legacy,2,beast,Large,11,38,-,unaligned,-,Volo´s Guide to Monsters
Autumn Eladrin,10,fey (elf),Medium,19,165,-,chaotic neutral,-,Monsters of the Multiverse
Autumn Eladrin legacy,10,fey (elf),Medium,19,127,-,chaotic neutral,-,Mordenkainen´s Tome of Foes
Avatar of Death,-,undead,Medium,20,0,fly,neutral evil,-,Rules (Dungeon Master´s Guide)
Awakened Shrub,0,plant,Small,9,10,-,unaligned,-,Monster Manual (SRD)
Awakened Tree,2,plant,Huge,13,59,-,unaligned,-,Monster Manual (SRD)
Axe Beak,1/4,beast,Large,11,19,-,unaligned,-,Monster Manual (SRD)
Azer,2,elemental,Medium,17,39,-,lawful neutral,-,Monster Manual (SRD)
Babau,4,fiend (demon),Medium,16,82,-,chaotic evil,-,Monsters of the Multiverse
Babau legacy,4,fiend (demon),Medium,16,82,-,chaotic evil,-,Volo´s Guide to Monsters
Baboon,0,beast,Small,12,3,-,unaligned,-,Monster Manual (SRD)
Badger,0,beast,Tiny,10,3,-,unaligned,-,Monster Manual (SRD)
Bael,19,fiend (devil),Large,18,189,-,lawful evil,Legendary,Monsters of the Multiverse
Bael legacy,19,fiend (devil),Large,18,189,-,lawful evil,Legendary,Mordenkainen´s Tome of Foes
Balhannoth,11,aberration,Large,17,114,-,chaotic evil,Legendary,Monsters of the Multiverse
Balhannoth legacy,11,aberration,Large,17,114,-,chaotic evil,Legendary,Mordenkainen´s Tome of Foes
Balor,19,fiend (demon),Huge,19,262,fly,chaotic evil,-,Monster Manual (SRD)
Banderhobb,5,monstrosity,Large,15,84,-,neutral evil,-,Monsters of the Multiverse
Banderhobb legacy,5,monstrosity,Large,15,84,-,neutral evil,-,Volo´s Guide to Monsters
Bandit,1/8,humanoid (any race),Medium,12,11,-,any non-lawful alignment,-,Monster Manual (SRD)
Bandit Captain,2,humanoid (any race),Medium,15,65,-,any non-lawful alignment,-,Monster Manual (SRD)
Banshee,4,undead,Medium,12,58,fly,chaotic evil,-,Monster Manual (BR)
Baphomet,23,fiend (demon),Huge,22,319,-,chaotic evil,Legendary,Monsters of the Multiverse
Baphomet legacy,23,fiend (demon),Huge,22,275,-,chaotic evil,Legendary,Mordenkainen´s Tome of Foes
Barbed Devil,5,fiend (devil),Medium,15,110,-,lawful evil,-,Monster Manual (SRD)
Bard,2,humanoid,Medium,15,44,-,any alignment,-,Monsters of the Multiverse
Bard legacy,2,humanoid (any race),Medium,15,44,-,any alignment,-,Volo´s Guide to Monsters
Barghest,4,fiend,Large,17,60,-,neutral evil,-,Monsters of the Multiverse
Barghest legacy,4,fiend (shapechanger),Large,17,90,-,neutral evil,-,Volo´s Guide to Monsters
Barlgura,5,fiend (demon),Large,15,68,-,chaotic evil,-,Monster Manual (BR+)
Basilisk,3,monstrosity,Medium,15,52,-,unaligned,-,Monster Manual (SRD)
Bat,0,beast,Tiny,12,1,fly,unaligned,-,Monster Manual (SRD)
Bearded Devil,3,fiend (devil),Medium,13,52,-,lawful evil,-,Monster Manual (SRD)
Beast of the Land,-,beast,Medium,13,5,-,-,-,Tasha´s Cauldron of Everything
Beast of the Sea,-,beast,Medium,13,5,swim,-,-,Tasha´s Cauldron of Everything
Beast of the Sky,-,beast,Small,13,4,fly,-,-,Tasha´s Cauldron of Everything
Behir,11,monstrosity,Huge,17,168,-,neutral evil,-,Monster Manual (SRD)
Beholder,13,aberration,Large,18,180,fly,lawful evil,Legendary,Monster Manual
Beholder Zombie,5,undead,Large,15,93,fly,neutral evil,-,Monster Manual
Belaphoss,20,fiend (demon),Huge,19,262,fly,chaotic evil,-,Extra (Dragon Mag)
Berbalang,2,aberration,Medium,14,49,fly,neutral evil,-,Monsters of the Multiverse
Berbalang legacy,2,aberration,Medium,14,38,fly,neutral evil,-,Mordenkainen´s Tome of Foes
Berserker,2,humanoid (any race),Medium,13,67,-,any chaotic alignment,-,Monster Manual (SRD)
Bestial Spirit,-,beast,Small,11,20,"fly, swim",-,-,Tasha´s Cauldron of Everything
Bheur Hag,7,fey,Medium,17,91,fly,chaotic evil,-,Monsters of the Multiverse
Bheur Hag legacy,7,fey,Medium,17,91,-,chaotic evil,-,Volo´s Guide to Monsters
Black Abishai,7,fiend (devil),Medium,15,58,fly,lawful evil,-,Monsters of the Multiverse
Black Abishai legacy,7,fiend (devil),Medium,15,58,fly,lawful evil,-,Mordenkainen´s Tome of Foes
Black Bear,1/2,beast,Medium,11,19,-,unaligned,-,Monster Manual (SRD)
Black Dragon Wyrmling,2,dragon (chromatic),Medium,17,33,"fly, swim",chaotic evil,-,Monster Manual (SRD)
Black Gauntlet of Bane,6,humanoid (human),Medium,16,51,-,lawful evil,-,Adventures (Descent into Avernus)
Black Pudding,4,ooze,Large,7,85,-,unaligned,-,Monster Manual (SRD)
Blackguard,8,humanoid (paladin),Medium,18,119,-,neutral evil,-,Monsters of the Multiverse
Blackguard legacy,8,humanoid (any race),Medium,18,153,-,any non-good alignment,-,Volo´s Guide to Monsters
Blink Dog,1/4,fey,Medium,13,22,-,lawful good,-,Monster Manual (SRD)
Blood Hawk,1/8,beast,Small,12,7,fly,unaligned,-,Monster Manual (SRD)
Blue Abishai,17,"fiend (devil, wizard)",Medium,19,202,fly,lawful evil,-,Monsters of the Multiverse
Blue Abishai legacy,17,fiend (devil),Medium,19,195,fly,lawful evil,-,Mordenkainen´s Tome of Foes
Blue Dragon Wyrmling,3,dragon (chromatic),Medium,17,52,fly,lawful evil,-,Monster Manual (SRD)
Blue Slaad,7,aberration,Large,15,123,-,chaotic neutral,-,Monster Manual
Boar,1/4,beast,Medium,11,11,-,unaligned,-,Monster Manual (SRD)
Bodak,6,undead,Medium,15,58,-,chaotic evil,-,Monsters of the Multiverse
Bodak legacy,6,undead,Medium,15,58,-,chaotic evil,-,Volo´s Guide to Monsters
Boggle,1/8,fey,Small,14,18,-,chaotic neutral,-,Monsters of the Multiverse
Boggle legacy,1/8,fey,Small,14,18,-,chaotic neutral,-,Volo´s Guide to Monsters
Bone Devil,9,fiend (devil),Large,19,142,fly,lawful evil,-,Monster Manual (SRD)
Bone Naga,4,undead,Large,15,58,-,lawful evil,-,Monster Manual
Boneclaw,12,undead,Large,16,150,-,chaotic evil,-,Monsters of the Multiverse
Boneclaw legacy,12,undead,Large,16,127,-,chaotic evil,-,Mordenkainen´s Tome of Foes
Brain in a Jar,3,undead,Small,11,55,fly,any alignment,-,Adventures (Rime of the Frostmaiden)
Brass Dragon Wyrmling,1,dragon (metallic),Medium,16,16,fly,chaotic good,-,Monster Manual (SRD)
Bronze Dragon Wyrmling,2,dragon (metallic),Medium,17,32,"fly, swim",lawful good,-,Monster Manual (SRD)
Brown Bear,1,beast,Large,11,34,-,unaligned,-,Monster Manual (SRD)
Bugbear,1,humanoid (goblinoid),Medium,16,27,-,chaotic evil,-,Monster Manual (SRD)
Bugbear Chief,3,humanoid (goblinoid),Medium,17,65,-,chaotic evil,-,Monster Manual
Bulette,5,monstrosity,Large,17,94,-,unaligned,-,Monster Manual (SRD)
Bulezau,3,fiend (demon),Medium,14,52,-,chaotic evil,-,Monsters of the Multiverse
Bulezau legacy,3,fiend (demon),Medium,14,52,-,chaotic evil,-,Mordenkainen´s Tome of Foes
Bullywug,1/4,humanoid (bullywug),Medium,15,11,swim,neutral evil,-,Monster Manual (BR+)
Bullywug Knight,3,humanoid,Medium,18,66,swim,lawful good,-,Adventures (The Wild Beyond the Witchlight)
Cadaver Collector,14,construct,Large,17,189,-,lawful evil,-,Monsters of the Multiverse
Cadaver Collector legacy,14,construct,Large,17,189,-,lawful evil,-,Mordenkainen´s Tome of Foes
Cambion,5,fiend,Medium,19,82,fly,any evil alignment,-,Monster Manual
Camel,1/8,beast,Large,9,15,-,unaligned,-,Monster Manual (SRD)
Canoloth,8,fiend (yugoloth),Medium,16,120,-,neutral evil,-,Monsters of the Multiverse
Canoloth legacy,8,fiend (yugoloth),Medium,16,120,-,neutral evil,-,Mordenkainen´s Tome of Foes
Carrion Crawler,2,monstrosity,Large,13,51,-,unaligned,-,Monster Manual
Cat,0,beast,Tiny,12,2,-,unaligned,-,Monster Manual (SRD)
Catoblepas,5,monstrosity,Large,14,84,-,unaligned,-,Monsters of the Multiverse
Catoblepas legacy,5,monstrosity,Large,14,84,-,unaligned,-,Volo´s Guide to Monsters
Cave Fisher,3,monstrosity,Medium,16,58,-,unaligned,-,Monsters of the Multiverse
Cave Fisher legacy,3,monstrosity,Medium,16,58,-,unaligned,-,Volo´s Guide to Monsters
Celestial Spirit,-,celestial,Large,11,40,fly,-,-,Tasha´s Cauldron of Everything
Centaur,2,monstrosity,Large,12,45,-,neutral good,-,Monster Manual (SRD)
Chain Devil,8,fiend (devil),Medium,16,85,-,lawful evil,-,Monster Manual (SRD)
Champion,9,humanoid,Medium,18,143,-,any alignment,-,Monsters of the Multiverse
Champion legacy,9,humanoid (any race),Medium,18,143,-,any alignment,-,Volo´s Guide to Monsters
Chasme,6,fiend (demon),Large,15,84,fly,chaotic evil,-,Monster Manual
Chimera,6,monstrosity,Large,14,114,fly,chaotic evil,-,Monster Manual (SRD)
Chitine,1/2,monstrosity,Small,14,18,-,chaotic evil,-,Monsters of the Multiverse
Chitine legacy,1/2,monstrosity,Small,14,18,-,chaotic evil,-,Volo´s Guide to Monsters
Choker,1,aberration,Small,16,13,-,chaotic evil,-,Monsters of the Multiverse
Choker legacy,1,aberration,Small,16,13,-,chaotic evil,-,Mordenkainen´s Tome of Foes
Choldrith,3,monstrosity (cleric),Medium,15,66,-,chaotic evil,-,Monsters of the Multiverse
Choldrith legacy,3,monstrosity,Medium,15,66,-,chaotic evil,-,Volo´s Guide to Monsters
Chromatic Greatwyrm,27,dragon (chromatic),Gargantuan,22,533,"fly, swim",chaotic evil,Mythic,Fizban´s Treasury of Dragons
Chuul,4,aberration,Large,16,93,swim,chaotic evil,-,Monster Manual (SRD)
Clay Golem,9,construct,Large,14,133,-,unaligned,-,Monster Manual (SRD)
Cloaker,8,aberration,Large,14,78,fly,chaotic neutral,-,Monster Manual (SRD)
Clockwork Iron Cobra,4,construct,Medium,13,91,-,unaligned,-,Monsters of the Multiverse
Clockwork Iron Cobra legacy,4,construct,Medium,13,45,-,unaligned,-,Mordenkainen´s Tome of Foes
Cloud Giant,9,giant,Huge,14,200,-,neutral good,-,Monster Manual (SRD)
Cloud Giant Smiling One,11,giant,Huge,15,250,fly,chaotic neutral,-,Monsters of the Multiverse
Cloud Giant Smiling One legacy,11,giant (cloud giant),Huge,15,262,-,chaotic neutral,-,Volo´s Guide to Monsters
Cockatrice,1/2,monstrosity,Small,11,27,fly,unaligned,-,Monster Manual (SRD)
Commoner,0,humanoid (any race),Medium,10,4,-,any alignment,-,Monster Manual (SRD)
Conjurer legacy,6,humanoid (any race),Medium,12,40,-,any alignment,-,Volo´s Guide to Monsters
Conjurer Wizard,6,humanoid,Medium,12,58,-,any alignment,-,Monsters of the Multiverse
Constrictor Snake,1/4,beast,Large,12,13,swim,unaligned,-,Monster Manual (SRD)
Construct Spirit,-,construct,Medium,13,40,-,-,-,Tasha´s Cauldron of Everything
Copper Dragon Wyrmling,1,dragon (metallic),Medium,16,22,fly,chaotic good,-,Monster Manual (SRD)
Corpse Flower,8,plant,Large,12,127,-,chaotic evil,-,Monsters of the Multiverse
Corpse Flower legacy,8,plant,Large,12,127,-,chaotic evil,-,Mordenkainen´s Tome of Foes
Couatl,4,celestial,Medium,19,97,fly,lawful good,-,Monster Manual (SRD)
Crab,0,beast,Tiny,11,2,swim,unaligned,-,Monster Manual (SRD)
Cranium Rat,0,aberration,Tiny,12,2,-,unaligned,-,Monsters of the Multiverse
Cranium Rat legacy,0,beast,Tiny,12,2,-,lawful evil,-,Volo´s Guide to Monsters
Crawling Claw,0,undead,Tiny,12,2,-,neutral evil,-,Monster Manual (BR+)
Crocodile,1/2,beast,Large,12,19,swim,unaligned,-,Monster Manual (SRD)
Crokek'toeck,14,fiend (demon),Gargantuan,15,297,swim,chaotic evil,-,Adventures (Descent into Avernus)
Crystal Dragon Wyrmling,2,dragon (gem),Medium,14,32,fly,chaotic neutral,-,Fizban´s Treasury of Dragons
Cult Fanatic,2,humanoid (any race),Medium,13,33,-,any non-good alignment,-,Monster Manual (SRD)
Cultist,1/8,humanoid (any race),Medium,12,9,-,any non-good alignment,-,Monster Manual (SRD)
Cyclops,6,giant,Huge,14,138,-,chaotic neutral,-,Monster Manual (BR)
Dancing Item,-,construct (or smaller),Large,16,10,fly,-,-,Tasha´s Cauldron of Everything
Dao,11,elemental,Large,18,187,fly,neutral evil,-,Monster Manual (BR+)
Darkling,1/2,fey,Small,14,13,-,chaotic neutral,-,Monsters of the Multiverse
Darkling legacy,1/2,fey,Small,14,13,-,chaotic neutral,-,Volo´s Guide to Monsters
Darkling Elder,2,fey,Medium,15,27,-,chaotic neutral,-,Monsters of the Multiverse
Darkling Elder legacy,2,fey,Medium,15,27,-,chaotic neutral,-,Volo´s Guide to Monsters
Darkmantle,1/2,monstrosity,Small,11,22,fly,unaligned,-,Monster Manual (SRD)
Death Dog,1,monstrosity,Medium,12,39,-,neutral evil,-,Monster Manual (SRD)
Death Kiss,10,aberration (beholder),Large,15,142,fly,neutral evil,-,Monsters of the Multiverse
Death Kiss legacy,10,aberration,Large,16,161,fly,neutral evil,-,Volo´s Guide to Monsters
Death Knight,17,undead,Medium,20,180,-,chaotic evil,-,Monster Manual
Death Slaad,10,aberration (shapechanger),Medium,18,170,-,chaotic evil,-,Monster Manual
Death Tyrant,14,undead,Large,19,187,fly,lawful evil,Legendary,Monster Manual
Death's Head of Bhaal,5,humanoid (human),Medium,15,76,-,chaotic evil,-,Adventures (Descent into Avernus)
Deathlock,4,undead (warlock),Medium,12,36,-,neutral evil,-,Monsters of the Multiverse
Deathlock legacy,4,undead,Medium,12,36,-,neutral evil,-,Mordenkainen´s Tome of Foes
Deathlock Mastermind,8,undead (warlock),Medium,13,110,-,neutral evil,-,Monsters of the Multiverse
Deathlock Mastermind legacy,8,undead,Medium,13,110,-,neutral evil,-,Mordenkainen´s Tome of Foes
Deathlock Wight,3,undead (warlock),Medium,12,37,-,neutral evil,-,Monsters of the Multiverse
Deathlock Wight legacy,3,undead,Medium,12,37,-,neutral evil,-,Mordenkainen´s Tome of Foes
Deep Dragon Wyrmling,1,dragon,Medium,15,27,"fly, swim",neutral evil,-,Fizban´s Treasury of Dragons
Deep Gnome (Svirfneblin),1/2,humanoid (gnome),Small,15,16,-,neutral good,-,Monster Manual (SRD)
Deep Rothé,1/4,beast (cattle),Medium,10,13,-,unaligned,-,Monsters of the Multiverse
Deep Rothé legacy,1/4,beast,Medium,10,13,-,unaligned,-,Volo´s Guide to Monsters
Deep Scion,3,monstrosity,Medium,11,67,swim,chaotic evil,-,Monsters of the Multiverse
Deep Scion legacy,3,humanoid (shapechanger),Medium,11,67,swim,neutral evil,-,Volo´s Guide to Monsters
Deer,0,beast,Medium,13,4,-,unaligned,-,Monster Manual (SRD)
Demilich,18,undead,Tiny,20,80,fly,neutral evil,Legendary,Monster Manual
Demogorgon,26,fiend (demon),Huge,22,464,swim,chaotic evil,Legendary,Monsters of the Multiverse
Demogorgon legacy,26,fiend (demon),Huge,22,406,swim,chaotic evil,Legendary,Mordenkainen´s Tome of Foes
Derro,1/4,aberration,Small,13,13,-,chaotic evil,-,Monsters of the Multiverse
Derro legacy,1/4,humanoid (derro),Small,13,13,-,chaotic evil,-,Mordenkainen´s Tome of Foes
Derro Savant,3,aberration (sorcerer),Small,13,36,-,chaotic evil,-,Monsters of the Multiverse
Derro Savant legacy,3,humanoid (derro),Small,13,36,-,chaotic evil,-,Mordenkainen´s Tome of Foes
Deva,10,celestial,Medium,17,136,fly,lawful good,-,Monster Manual (SRD)
Devilroot,7,plant,Medium,15,105,-,neutral evil,-,Extra (AideDD)
Devourer,13,undead,Large,16,189,-,chaotic evil,-,Monsters of the Multiverse
Devourer legacy,13,fiend,Large,16,178,-,chaotic evil,-,Volo´s Guide to Monsters
Dhergoloth,7,fiend (yugoloth),Medium,15,119,-,neutral evil,-,Monsters of the Multiverse
Dhergoloth legacy,7,fiend (yugoloth),Medium,15,119,-,neutral evil,-,Mordenkainen´s Tome of Foes
Dire Troll,13,giant,Huge,15,172,-,chaotic evil,-,Monsters of the Multiverse
Dire Troll legacy,13,giant,Huge,15,172,-,chaotic evil,-,Mordenkainen´s Tome of Foes
Dire Wolf,1,beast,Large,14,37,-,unaligned,-,Monster Manual (SRD)
Displacer Beast,3,monstrosity,Large,13,85,-,lawful evil,-,Monster Manual
Diviner legacy,8,humanoid (any race),Medium,12,67,-,any alignment,-,Volo´s Guide to Monsters
Diviner Wizard,8,humanoid,Medium,12,90,-,any alignment,-,Monsters of the Multiverse
Djinni,11,elemental,Large,17,161,fly,chaotic good,-,Monster Manual (SRD)
Dolphin,1/8,beast,Medium,12,11,swim,unaligned,-,Monsters of the Multiverse
Dolphin legacy,1/8,beast,Medium,12,11,swim,unaligned,-,Volo´s Guide to Monsters
Dolphin Delighter,3,fey,Medium,14,27,swim,chaotic good,-,Monsters of the Multiverse
Doppelganger,3,monstrosity (shapechanger),Medium,14,52,-,neutral,-,Monster Manual (SRD)
Dracohydra,11,monstrosity,Huge,17,218,"fly, swim",chaotic evil,-,Fizban´s Treasury of Dragons
Draconian Dreadnought,4,monstrosity,Large,16,57,fly,any alignment,-,Fizban´s Treasury of Dragons
Draconian Foot Soldier,1/2,monstrosity,Medium,14,22,-,any alignment,-,Fizban´s Treasury of Dragons
Draconian Infiltrator,3,monstrosity,Medium,15,39,-,any alignment,-,Fizban´s Treasury of Dragons
Draconian Mage,2,monstrosity,Medium,15,40,-,any alignment,-,Fizban´s Treasury of Dragons
Draconian Mastermind,6,monstrosity,Medium,17,67,-,any alignment,-,Fizban´s Treasury of Dragons
Draconic Shard,17,undead,Huge,17,168,fly,neutral,-,
Draconic Spirit,-,dragon,Large,14,50,"fly, swim",neutral,-,Fizban´s Treasury of Dragons
Draegloth,7,fiend (demon),Large,15,123,-,chaotic evil,-,Monsters of the Multiverse
Draegloth legacy,7,fiend (demon),Large,15,123,-,chaotic evil,-,Volo´s Guide to Monsters
Draft Horse,1/4,beast,Large,10,19,-,unaligned,-,Monster Manual (SRD)
Dragon Blessed,5,humanoid,Medium,14,75,-,any alignment,-,Fizban´s Treasury of Dragons
Dragon Chosen,3,humanoid,Medium,17,45,-,any alignment,-,Fizban´s Treasury of Dragons
Dragon Speaker,2,humanoid,Small,13,36,-,any alignment,-,Fizban´s Treasury of Dragons
Dragon Turtle,17,dragon,Gargantuan,20,341,swim,neutral,-,Monster Manual (SRD)
Dragon Turtle Wyrmling,4,dragon,Large,18,90,swim,neutral,-,Fizban´s Treasury of Dragons
Dragonblood Ooze,5,ooze,Large,14,68,-,unaligned,-,Fizban´s Treasury of Dragons
Dragonbone Golem,11,construct,Large,17,161,-,unaligned,-,Fizban´s Treasury of Dragons
Dragonborn of Bahamut,8,humanoid,Medium,18,93,fly,lawful good,-,Fizban´s Treasury of Dragons
Dragonborn of Sardior,6,humanoid,Medium,20,75,fly,neutral,-,Fizban´s Treasury of Dragons
Dragonborn of Tiamat,7,humanoid,Medium,18,85,-,chaotic evil,-,Fizban´s Treasury of Dragons
Dragonflesh Abomination,6,monstrosity,Huge,15,66,fly,neutral evil,-,Fizban´s Treasury of Dragons
Dragonflesh Grafter,3,monstrosity,Large,14,52,-,neutral evil,-,Fizban´s Treasury of Dragons
Dragonnel,2,dragon,Large,13,58,fly,neutral,-,Fizban´s Treasury of Dragons
Drake Companion,-,dragon,Small,14,5,-,-,-,Fizban´s Treasury of Dragons
Dretch,1/4,fiend (demon),Small,11,18,-,chaotic evil,-,Monster Manual (SRD)
Drider,6,monstrosity,Large,19,123,-,chaotic evil,-,Monster Manual (SRD)
Drow,1/4,humanoid (elf),Medium,15,13,-,neutral evil,-,Monster Manual (SRD)
Drow Arachnomancer,13,humanoid (elf),Medium,15,162,-,chaotic evil,-,Monsters of the Multiverse
Drow Arachnomancer legacy,13,humanoid (elf),Medium,15,162,-,chaotic evil,-,Mordenkainen´s Tome of Foes
Drow Elite Warrior,5,humanoid (elf),Medium,18,71,-,neutral evil,-,Monster Manual
Drow Favored Consort,18,"humanoid (elf, wizard)",Medium,15,240,-,any alignment,-,Monsters of the Multiverse
Drow Favored Consort legacy,18,humanoid (elf),Medium,15,225,-,neutral evil,-,Mordenkainen´s Tome of Foes
Drow House Captain,9,humanoid (elf),Medium,16,162,-,any alignment,-,Monsters of the Multiverse
Drow House Captain legacy,9,humanoid (elf),Medium,16,162,-,neutral evil,-,Mordenkainen´s Tome of Foes
Drow Inquisitor,14,"humanoid (cleric, elf)",Medium,16,149,-,neutral evil,-,Monsters of the Multiverse
Drow Inquisitor legacy,14,humanoid (elf),Medium,16,143,-,neutral evil,-,Mordenkainen´s Tome of Foes
Drow Mage,7,humanoid (elf),Medium,12,45,-,neutral evil,-,Monster Manual (BR+)
Drow Matron Mother,20,"humanoid (cleric, elf)",Medium,17,247,-,neutral evil,Legendary,Monsters of the Multiverse
Drow Matron Mother legacy,20,humanoid (elf),Medium,17,262,-,neutral evil,Legendary,Mordenkainen´s Tome of Foes
Drow Priestess of Lolth,8,humanoid (elf),Medium,16,71,-,neutral evil,-,Monster Manual
Drow Shadowblade,11,humanoid (elf),Medium,17,150,-,any alignment,-,Monsters of the Multiverse
Drow Shadowblade legacy,11,humanoid (elf),Medium,17,150,-,neutral evil,-,Mordenkainen´s Tome of Foes
Druid,2,humanoid (any race),Medium,11,27,-,any alignment,-,Monster Manual (SRD)
Dryad,1,fey,Medium,11,22,-,neutral,-,Monster Manual (SRD)
Duergar,1,humanoid (dwarf),Medium,16,26,-,lawful evil,-,Monster Manual (SRD)
Duergar Despot,12,humanoid (dwarf),Medium,21,119,-,any alignment,-,Monsters of the Multiverse
Duergar Despot legacy,12,humanoid (dwarf),Medium,21,119,-,lawful evil,-,Mordenkainen´s Tome of Foes
Duergar Kavalrachni,2,humanoid (dwarf),Medium,16,26,-,any alignment,-,Monsters of the Multiverse
Duergar Kavalrachni legacy,2,humanoid (dwarf),Medium,16,26,-,lawful evil,-,Mordenkainen´s Tome of Foes
Duergar Mind Master,2,humanoid (dwarf),Medium,14,39,-,any alignment,-,Monsters of the Multiverse
Duergar Mind Master legacy,2,humanoid (dwarf),Medium,14,39,-,lawful evil,-,Mordenkainen´s Tome of Foes
Duergar Soulblade,1,humanoid (dwarf),Medium,14,27,-,any alignment,-,Monsters of the Multiverse
Duergar Soulblade legacy,1,humanoid (dwarf),Medium,14,18,-,lawful evil,-,Mordenkainen´s Tome of Foes
Duergar Stone Guard,2,humanoid (dwarf),Medium,18,39,-,any alignment,-,Monsters of the Multiverse
Duergar Stone Guard legacy,2,humanoid (dwarf),Medium,18,39,-,lawful evil,-,Mordenkainen´s Tome of Foes
Duergar Warlord,6,humanoid (dwarf),Medium,20,75,-,any alignment,-,Monsters of the Multiverse
Duergar Warlord legacy,6,humanoid (dwarf),Medium,20,75,-,lawful evil,-,Mordenkainen´s Tome of Foes
Duergar Xarrorn,2,humanoid (dwarf),Medium,18,26,-,any alignment,-,Monsters of the Multiverse
Duergar Xarrorn legacy,2,humanoid (dwarf),Medium,18,26,-,lawful evil,-,Mordenkainen´s Tome of Foes
Duodrone,1/4,construct,Medium,15,11,-,lawful neutral,-,Monster Manual
Dust Mephit,1/2,elemental,Small,12,17,fly,neutral evil,-,Monster Manual (SRD)
Dybbuk,4,fiend (demon),Medium,14,37,-,chaotic evil,-,Monsters of the Multiverse
Dybbuk legacy,4,fiend (demon),Medium,14,37,fly,chaotic evil,-,Mordenkainen´s Tome of Foes
Eagle,0,beast,Small,12,3,fly,unaligned,-,Monster Manual (SRD)
Earth Elemental,5,elemental,Large,17,126,-,neutral,-,Monster Manual (SRD)
Earth Elemental Myrmidon,7,elemental,Medium,18,127,-,neutral,-,Monsters of the Multiverse
Earth Elemental Myrmidon legacy,7,elemental,Medium,18,127,-,neutral,-,Mordenkainen´s Tome of Foes
Efreeti,11,elemental,Large,17,200,fly,lawful evil,-,Monster Manual (SRD)
Eidolon,12,undead,Medium,9,63,fly,any alignment,-,Monsters of the Multiverse
Eidolon legacy,12,undead,Medium,9,63,fly,any alignment,-,Mordenkainen´s Tome of Foes
Elder Brain,14,aberration (mind flayer),Large,10,210,swim,lawful evil,Legendary,Monsters of the Multiverse
Elder Brain legacy,14,aberration,Large,10,210,swim,lawful evil,Legendary,Volo´s Guide to Monsters
Elder Brain Dragon,22,aberration,Gargantuan,17,350,fly,lawful evil,Legendary,Fizban´s Treasury of Dragons
Elder Oblex,10,ooze,Huge,16,115,-,lawful evil,-,Monsters of the Multiverse
Elder Oblex legacy,10,ooze,Huge,16,115,-,lawful evil,-,Mordenkainen´s Tome of Foes
Elder Tempest,23,elemental,Gargantuan,19,264,fly,neutral,Legendary,Monsters of the Multiverse
Elder Tempest legacy,23,elemental,Gargantuan,19,264,fly,neutral,Legendary,Mordenkainen´s Tome of Foes
Elemental Spirit,-,elemental,Medium,11,50,"fly, swim",-,-,Tasha´s Cauldron of Everything
Elephant,4,beast,Huge,12,76,-,unaligned,-,Monster Manual (SRD)
Elk,1/4,beast,Large,10,13,-,unaligned,-,Monster Manual (SRD)
Emerald Dragon Wyrmling,2,dragon (gem),Medium,16,39,fly,lawful neutral,-,Fizban´s Treasury of Dragons
Empyrean,23,celestial (titan),Huge,22,313,"fly, swim",chaotic good,Legendary,Monster Manual
Enchanter legacy,5,humanoid (any race),Medium,12,40,-,any alignment,-,Volo´s Guide to Monsters
Enchanter Wizard,5,humanoid,Medium,12,49,-,any alignment,-,Monsters of the Multiverse
Erinyes,12,fiend (devil),Medium,18,153,fly,lawful evil,-,Monster Manual (SRD)
Ettercap,2,monstrosity,Medium,13,44,-,neutral evil,-,Monster Manual (SRD)
Ettin,4,giant,Large,12,85,-,chaotic evil,-,Monster Manual (SRD)
Evoker legacy,9,humanoid (any race),Medium,12,66,-,any alignment,-,Volo´s Guide to Monsters
Evoker Wizard,9,humanoid,Medium,12,121,-,any alignment,-,Monsters of the Multiverse
Expert (lvl 1),-,humanoid (any race),Medium,14,11,-,-,-,Rules (Essentials Kit)
Expert (lvl 2),-,humanoid (any race),Medium,14,16,-,-,-,Rules (Essentials Kit)
Expert (lvl 3),-,humanoid (any race),Medium,14,22,-,-,-,Rules (Essentials Kit)
Expert (lvl 4),-,humanoid (any race),Medium,14,27,-,-,-,Rules (Essentials Kit)
Expert (lvl 5),-,humanoid (any race),Medium,14,33,-,-,-,Rules (Essentials Kit)
Expert (lvl 6),-,humanoid (any race),Medium,14,38,-,-,-,Rules (Essentials Kit)
Eyedrake,8,aberration,Large,16,119,fly,lawful evil,-,Fizban´s Treasury of Dragons
Faerie Dragon,1,dragon,Tiny,15,14,fly,chaotic good,-,Monster Manual
Female Steeder,1,monstrosity,Large,14,30,-,unaligned,-,Monsters of the Multiverse
Female Steeder legacy,1,monstrosity,Large,14,30,-,unaligned,-,Mordenkainen´s Tome of Foes
Fey Spirit,-,fey,Small,12,30,-,-,-,Tasha´s Cauldron of Everything
Fiendish Spirit,-,fiend,Large,12,50,fly,-,-,Tasha´s Cauldron of Everything
Fire Elemental,5,elemental,Large,13,102,-,neutral,-,Monster Manual (SRD)
Fire Elemental Myrmidon,7,elemental,Medium,18,123,-,neutral,-,Monsters of the Multiverse
Fire Elemental Myrmidon legacy,7,elemental,Medium,18,123,-,neutral,-,Mordenkainen´s Tome of Foes
Fire Giant,9,giant,Huge,18,162,-,lawful evil,-,Monster Manual (SRD)
Fire Giant Dreadnought,14,giant,Huge,21,187,-,lawful evil,-,Monsters of the Multiverse
Fire Giant Dreadnought legacy,14,giant (fire giant),Huge,21,187,-,lawful evil,-,Volo´s Guide to Monsters
Fire Snake,1,elemental,Medium,14,22,-,neutral evil,-,Monster Manual (BR+)
Firenewt Warlock of Imix,1,elemental,Medium,10,33,-,neutral evil,-,Monsters of the Multiverse
Firenewt Warlock of Imix legacy,1,humanoid (firenewt),Medium,10,33,-,neutral evil,-,Volo´s Guide to Monsters
Firenewt Warrior,1/2,elemental,Medium,13,27,-,neutral,-,Monsters of the Multiverse
Firenewt Warrior legacy,1/2,humanoid (firenewt),Medium,16,22,-,neutral evil,-,Volo´s Guide to Monsters
Fist of Bane,1/2,humanoid (human),Medium,18,22,-,lawful evil,-,Adventures (Descent into Avernus)
Flail Snail,3,elemental,Large,16,52,-,unaligned,-,Monsters of the Multiverse
Flail Snail legacy,3,elemental,Large,16,52,-,unaligned,-,Volo´s Guide to Monsters
Flameskull,4,undead,Tiny,13,40,fly,neutral evil,-,Monster Manual (BR)
Flesh Golem,5,construct,Medium,9,93,-,neutral,-,Monster Manual (SRD)
Flind,9,fiend (gnoll),Medium,16,127,-,chaotic evil,-,Monsters of the Multiverse
Flind legacy,9,humanoid (gnoll),Medium,16,127,-,chaotic evil,-,Volo´s Guide to Monsters
Flumph,1/8,aberration,Small,12,7,fly,lawful good,-,Monster Manual
Flying Snake,1/8,beast,Tiny,14,5,"fly, swim",unaligned,-,Monster Manual (SRD)
Flying Sword,1/4,construct,Small,17,17,fly,unaligned,-,Monster Manual (SRD)
Fomorian,8,giant,Huge,14,149,-,chaotic evil,-,Monster Manual
Fox,0,beast,Tiny,13,2,-,unaligned,-,Adventures (Rime of the Frostmaiden)
Fraz-Urb'luu,23,fiend (demon),Large,18,337,fly,chaotic evil,Legendary,Monsters of the Multiverse
Fraz-Urb'luu legacy,23,fiend (demon),Large,18,337,fly,chaotic evil,Legendary,Mordenkainen´s Tome of Foes
Frog,0,beast,Tiny,11,1,swim,unaligned,-,Monster Manual (SRD)
Froghemoth,10,monstrosity,Huge,14,161,swim,unaligned,-,Monsters of the Multiverse
Froghemoth legacy,10,monstrosity,Huge,14,184,swim,unaligned,-,Volo´s Guide to Monsters
Frost Druid,5,humanoid (human),Medium,13,67,fly,any alignment,-,Adventures (Rime of the Frostmaiden)
Frost Giant,8,giant,Huge,15,138,-,neutral evil,-,Monster Manual (SRD)
Frost Giant Everlasting One,12,giant,Huge,15,189,-,chaotic evil,-,Monsters of the Multiverse
Frost Giant Everlasting One legacy,12,giant (frost giant),Huge,15,189,-,chaotic evil,-,Volo´s Guide to Monsters
Frost Salamander,9,elemental,Huge,17,168,-,unaligned,-,Monsters of the Multiverse
Frost Salamander legacy,9,elemental,Huge,17,168,-,unaligned,-,Mordenkainen´s Tome of Foes
Galeb Duhr,6,elemental,Medium,16,85,-,neutral,-,Monster Manual (BR+)
Gargoyle,2,elemental,Medium,15,52,fly,chaotic evil,-,Monster Manual (SRD)
Gas Spore,1/2,plant,Large,5,1,fly,unaligned,-,Monster Manual
Gauth,6,aberration (beholder),Medium,15,52,fly,lawful evil,-,Monsters of the Multiverse
Gauth legacy,6,aberration,Medium,15,67,fly,lawful evil,-,Volo´s Guide to Monsters
Gazer,1/2,aberration (beholder),Tiny,13,13,fly,neutral evil,-,Monsters of the Multiverse
Gazer legacy,1/2,aberration,Tiny,13,13,fly,neutral evil,-,Volo´s Guide to Monsters
Gelatinous Cube,2,ooze,Large,6,84,-,unaligned,-,Monster Manual (SRD)
Gem Greatwyrm,26,dragon (gem),Gargantuan,21,507,"fly, swim",neutral,Legendary,Fizban´s Treasury of Dragons
Gem Stalker,5,monstrosity,Large,17,67,-,neutral,-,Fizban´s Treasury of Dragons
Geryon,22,fiend (devil),Huge,19,300,fly,lawful evil,Legendary,Monsters of the Multiverse
Geryon legacy,22,fiend (devil),Huge,19,300,fly,lawful evil,Legendary,Mordenkainen´s Tome of Foes
Ghast,2,undead,Medium,13,36,-,chaotic evil,-,Monster Manual (SRD)
Ghost,4,undead,Medium,11,45,fly,any alignment,-,Monster Manual (SRD)
Ghost Dragon,17,undead,Huge,10,324,fly,any alignment,-,Fizban´s Treasury of Dragons
Ghoul,1,undead,Medium,12,22,-,chaotic evil,-,Monster Manual (SRD)
Giant Ape,7,beast,Huge,12,157,-,unaligned,-,Monster Manual (SRD)
Giant Badger,1/4,beast,Medium,10,13,-,unaligned,-,Monster Manual (SRD)
Giant Bat,1/4,beast,Large,13,22,fly,unaligned,-,Monster Manual (SRD)
Giant Boar,2,beast,Large,12,42,-,unaligned,-,Monster Manual (SRD)
Giant Centipede,1/4,beast,Small,13,4,-,unaligned,-,Monster Manual (SRD)
Giant Constrictor Snake,2,beast,Huge,12,60,swim,unaligned,-,Monster Manual (SRD)
Giant Crab,1/8,beast,Medium,15,13,swim,unaligned,-,Monster Manual (SRD)
Giant Crocodile,5,beast,Huge,14,85,swim,unaligned,-,Monster Manual (SRD)
Giant Eagle,1,beast,Large,13,26,fly,neutral good,-,Monster Manual (SRD)
Giant Elk,2,beast,Huge,14,42,-,unaligned,-,Monster Manual (SRD)
Giant Fire Beetle,0,beast,Small,13,4,-,unaligned,-,Monster Manual (SRD)
Giant Frog,1/4,beast,Medium,11,18,swim,unaligned,-,Monster Manual (SRD)
Giant Goat,1/2,beast,Large,11,19,-,unaligned,-,Monster Manual (SRD)
Giant Hyena,1,beast,Large,12,45,-,unaligned,-,Monster Manual (SRD)
Giant Lizard,1/4,beast,Large,12,19,-,unaligned,-,Monster Manual (SRD)
Giant Octopus,1,beast,Large,11,52,swim,unaligned,-,Monster Manual (SRD)
Giant Owl,1/4,beast,Large,12,19,fly,neutral,-,Monster Manual (SRD)
Giant Poisonous Snake,1/4,beast,Medium,14,11,swim,unaligned,-,Monster Manual (SRD)
Giant Rat,1/8,beast,Small,12,7,-,unaligned,-,Monster Manual (SRD)
Giant Scorpion,3,beast,Large,15,52,-,unaligned,-,Monster Manual (SRD)
Giant Sea Horse,1/2,beast,Large,13,16,swim,unaligned,-,Monster Manual (SRD)
Giant Shark,5,beast,Huge,13,126,swim,unaligned,-,Monster Manual (SRD)
Giant Spider,1,beast,Large,14,26,-,unaligned,-,Monster Manual (SRD)
Giant Strider,1,elemental,Large,14,22,-,unaligned,-,Monsters of the Multiverse
Giant Strider legacy,1,monstrosity,Large,14,22,-,neutral evil,-,Volo´s Guide to Monsters
Giant Toad,1,beast,Large,11,39,swim,unaligned,-,Monster Manual (SRD)
Giant Two-Headed Goat,1/2,beast,Large,11,19,-,unaligned,-,Extra (Adventurers League)
Giant Vulture,1,beast,Large,10,22,fly,neutral evil,-,Monster Manual (SRD)
Giant Walrus,4,beast,Huge,9,55,swim,unaligned,-,Adventures (Rime of the Frostmaiden)
Giant Wasp,1/2,beast,Medium,12,13,fly,unaligned,-,Monster Manual (SRD)
Giant Weasel,1/8,beast,Medium,13,9,-,unaligned,-,Monster Manual (SRD)
Giant Wolf Spider,1/4,beast,Medium,13,11,-,unaligned,-,Monster Manual (SRD)
Gibbering Mouther,2,aberration,Medium,9,67,swim,neutral,-,Monster Manual (SRD)
Giff,3,humanoid,Medium,16,60,-,any alignment,-,Monsters of the Multiverse
Giff legacy,3,humanoid,Medium,16,60,-,lawful neutral,-,Mordenkainen´s Tome of Foes
Girallon,4,monstrosity,Large,13,59,-,unaligned,-,Monsters of the Multiverse
Girallon legacy,4,monstrosity,Large,13,59,-,unaligned,-,Volo´s Guide to Monsters
Githyanki Gish,10,"humanoid (gith, wizard)",Medium,17,130,-,any alignment,-,Monsters of the Multiverse
Githyanki Gish legacy,10,humanoid (gith),Medium,17,123,-,lawful evil,-,Mordenkainen´s Tome of Foes
Githyanki Kith'rak,12,humanoid (gith),Medium,18,180,-,any alignment,-,Monsters of the Multiverse
Githyanki Kith'rak legacy,12,humanoid (gith),Medium,18,180,-,lawful evil,-,Mordenkainen´s Tome of Foes
Githyanki Knight,8,humanoid (gith),Medium,18,91,-,lawful evil,-,Monster Manual
Githyanki Supreme Commander,14,humanoid (gith),Medium,18,187,-,any alignment,Legendary,Monsters of the Multiverse
Githyanki Supreme Commander legacy,14,humanoid (gith),Medium,18,187,-,lawful evil,Legendary,Mordenkainen´s Tome of Foes
Githyanki Warrior,3,humanoid (gith),Medium,17,49,-,lawful evil,-,Monster Manual
Githzerai Anarch,16,humanoid (gith),Medium,20,144,fly,any alignment,Legendary,Monsters of the Multiverse
Githzerai Anarch legacy,16,humanoid (gith),Medium,20,144,fly,lawful neutral,Legendary,Mordenkainen´s Tome of Foes
Githzerai Enlightened,10,humanoid (gith),Medium,18,112,-,any alignment,-,Monsters of the Multiverse
Githzerai Enlightened legacy,10,humanoid (gith),Medium,18,112,-,lawful neutral,-,Mordenkainen´s Tome of Foes
Githzerai Monk,2,humanoid (gith),Medium,14,38,-,lawful neutral,-,Monster Manual
Githzerai Zerth,6,humanoid (gith),Medium,17,84,-,lawful neutral,-,Monster Manual
Glabrezu,9,fiend (demon),Large,17,157,-,chaotic evil,-,Monster Manual (SRD)
Gladiator,5,humanoid (any race),Medium,16,112,-,any alignment,-,Monster Manual (SRD)
Gloom Weaver legacy,9,humanoid (elf),Medium,14,104,-,neutral,-,Mordenkainen´s Tome of Foes
Gnoll,1/2,humanoid (gnoll),Medium,15,22,-,chaotic evil,-,Monster Manual (SRD)
Gnoll Fang of Yeenoghu,4,fiend (gnoll),Medium,14,65,-,chaotic evil,-,Monster Manual
Gnoll Flesh Gnawer,1,monstrosity,Medium,14,22,-,chaotic evil,-,Monsters of the Multiverse
Gnoll Flesh Gnawer legacy,1,humanoid (gnoll),Medium,14,22,-,chaotic evil,-,Volo´s Guide to Monsters
Gnoll Hunter,1/2,monstrosity,Medium,13,22,-,chaotic evil,-,Monsters of the Multiverse
Gnoll Hunter legacy,1/2,humanoid (gnoll),Medium,13,22,-,chaotic evil,-,Volo´s Guide to Monsters
Gnoll Pack Lord,2,humanoid (gnoll),Medium,15,49,-,chaotic evil,-,Monster Manual (BR+)
Gnoll Witherling,1/4,undead,Medium,12,11,-,chaotic evil,-,Monsters of the Multiverse
Gnoll Witherling legacy,1/4,undead,Medium,12,11,-,chaotic evil,-,Volo´s Guide to Monsters
Goat,0,beast,Medium,10,4,-,unaligned,-,Monster Manual (SRD)
Goblin,1/4,humanoid (goblinoid),Small,15,7,-,neutral evil,-,Monster Manual (SRD)
Goblin Boss,1,humanoid (goblinoid),Small,17,21,-,neutral evil,-,Monster Manual
Gold Dragon Wyrmling,3,dragon (metallic),Medium,17,60,"fly, swim",lawful good,-,Monster Manual (SRD)
Gorgon,5,monstrosity,Large,19,114,-,unaligned,-,Monster Manual (SRD)
Goristro,17,fiend (demon),Huge,19,310,-,chaotic evil,-,Monster Manual
Gray Ooze,1/2,ooze,Medium,8,22,-,unaligned,-,Monster Manual (SRD)
Gray Render,12,monstrosity,Large,19,189,-,chaotic neutral,-,Monsters of the Multiverse
Gray Render legacy,12,monstrosity,Large,19,189,-,chaotic neutral,-,Mordenkainen´s Tome of Foes
Gray Slaad,9,aberration (shapechanger),Medium,18,127,-,chaotic neutral,-,Monster Manual
Graz'zt,24,fiend (demon),Large,20,346,-,chaotic evil,Legendary,Monsters of the Multiverse
Graz'zt legacy,24,"fiend (demon, shapechanger)",Large,20,346,-,chaotic evil,Legendary,Mordenkainen´s Tome of Foes
Green Abishai,15,fiend (devil),Medium,18,195,fly,lawful evil,-,Monsters of the Multiverse
Green Abishai legacy,15,fiend (devil),Medium,18,187,fly,lawful evil,-,Mordenkainen´s Tome of Foes
Green Dragon Wyrmling,2,dragon (chromatic),Medium,17,38,"fly, swim",lawful evil,-,Monster Manual (SRD)
Green Hag,3,fey,Medium,17,82,-,neutral evil,-,Monster Manual (SRD)
Green Slaad,8,aberration (shapechanger),Large,16,127,-,chaotic neutral,-,Monster Manual
Grell,3,aberration,Medium,12,55,fly,neutral evil,-,Monster Manual (BR+)
Grick,2,monstrosity,Medium,14,27,-,neutral,-,Monster Manual (SRD)
Grick alpha,7,monstrosity,Large,18,75,-,neutral,-,Monster Manual
Griffon,2,monstrosity,Large,12,59,fly,unaligned,-,Monster Manual (SRD)
Grimlock,1/4,humanoid (grimlock),Medium,11,11,-,neutral evil,-,Monster Manual (SRD)
Grung,1/4,humanoid,Small,12,11,-,any alignment,-,Monsters of the Multiverse
Grung legacy,1/4,humanoid (grung),Small,12,11,-,lawful evil,-,Volo´s Guide to Monsters
Grung Elite Warrior,2,humanoid,Small,13,49,-,any alignment,-,Monsters of the Multiverse
Grung Elite Warrior legacy,2,humanoid (grung),Small,13,49,-,lawful evil,-,Volo´s Guide to Monsters
Grung Wildling,1,humanoid,Small,16,27,-,any alignment,-,Monsters of the Multiverse
Grung Wildling legacy,1,humanoid (grung),Small,13,27,-,lawful evil,-,Volo´s Guide to Monsters
Guard,1/8,humanoid (any race),Medium,16,11,-,any alignment,-,Monster Manual (SRD)
Guard Drake,2,dragon,Medium,14,52,-,unaligned,-,Monsters of the Multiverse
Guard Drake legacy,2,dragon,Medium,14,52,-,unaligned,-,Volo´s Guide to Monsters
Guardian Naga,10,monstrosity,Large,18,127,-,lawful good,-,Monster Manual (SRD)
Gynosphinx,11,monstrosity,Large,17,136,fly,lawful neutral,Legendary,Monster Manual (SRD)
Halaster Blackcloak,23,humanoid (human),Medium,14,246,-,chaotic evil,Legendary,Adventures (Dungeon of the Mad Mage)
Half-Ogre,1,giant,Large,12,30,-,any chaotic alignment,-,Monster Manual (BR+)
Half-Red Dragon Veteran,5,humanoid (human),Medium,18,65,-,any alignment,-,Monster Manual (BR+)
Hare,0,beast,Tiny,13,1,-,unaligned,-,Adventures (Rime of the Frostmaiden)
Harpy,1,monstrosity,Medium,11,38,fly,chaotic evil,-,Monster Manual (SRD)
Hawk,0,beast,Tiny,13,1,fly,unaligned,-,Monster Manual (SRD)
Hell Hound,3,fiend,Medium,15,45,-,lawful evil,-,Monster Manual (SRD)
Hellfire Engine,16,construct,Huge,18,216,-,lawful evil,-,Monsters of the Multiverse
Hellfire Engine legacy,16,construct,Huge,18,216,-,lawful evil,-,Mordenkainen´s Tome of Foes
Hellwasp,5,fiend,Large,19,52,fly,lawful evil,-,Adventures (Descent into Avernus)
Helmed Horror,4,construct,Medium,20,60,fly,neutral,-,Monster Manual (BR+)
Hezrou,8,fiend (demon),Large,16,136,-,chaotic evil,-,Monster Manual (SRD)
Hill Giant,5,giant,Huge,13,105,-,chaotic evil,-,Monster Manual (SRD)
Hippogriff,1,monstrosity,Large,11,19,fly,unaligned,-,Monster Manual (SRD)
Hoard Mimic,8,monstrosity,Huge,14,123,-,neutral,-,Fizban´s Treasury of Dragons
Hoard Scarab,1/8,monstrosity,Tiny,14,7,fly,unaligned,-,Fizban´s Treasury of Dragons
Hobgoblin,1/2,humanoid (goblinoid),Medium,18,11,-,lawful evil,-,Monster Manual (SRD)
Hobgoblin Captain,3,humanoid (goblinoid),Medium,17,39,-,lawful evil,-,Monster Manual (BR+)
Hobgoblin Devastator,4,fey (goblinoid),Medium,13,45,-,lawful neutral,-,Monsters of the Multiverse
Hobgoblin Devastator legacy,4,humanoid (goblinoid),Medium,13,45,-,lawful evil,-,Volo´s Guide to Monsters
Hobgoblin Iron Shadow,2,fey (goblinoid),Medium,15,32,-,lawful neutral,-,Monsters of the Multiverse
Hobgoblin Iron Shadow legacy,2,humanoid (goblinoid),Medium,15,32,-,lawful evil,-,Volo´s Guide to Monsters
Hobgoblin Warlord,6,humanoid (goblinoid),Medium,20,97,-,lawful evil,-,Monster Manual
Hollow Dragon,18,undead,Huge,19,241,fly,any alignment,Legendary,Fizban´s Treasury of Dragons
Homunculus,0,construct,Tiny,13,5,fly,neutral,-,Monster Manual (SRD)
Homunculus Servant,-,construct,Tiny,13,1,fly,-,-,Tasha´s Cauldron of Everything
Hook Horror,3,monstrosity,Large,15,75,-,neutral,-,Monster Manual (BR+)
Horned Devil,11,fiend (devil),Large,18,178,fly,lawful evil,-,Monster Manual (SRD)
Howler,8,fiend,Large,16,90,-,chaotic evil,-,Monsters of the Multiverse
Howler legacy,8,fiend,Large,16,90,-,chaotic evil,-,Mordenkainen´s Tome of Foes
Hungry Sorrowsworn,11,monstrosity,Medium,17,225,-,neutral evil,-,Monsters of the Multiverse
Hunter Shark,2,beast,Large,12,45,swim,unaligned,-,Monster Manual (SRD)
Hutijin,21,fiend (devil),Large,19,200,fly,lawful evil,Legendary,Monsters of the Multiverse
Hutijin legacy,21,fiend (devil),Large,19,200,fly,lawful evil,Legendary,Mordenkainen´s Tome of Foes
Hydra,8,monstrosity,Huge,15,172,swim,unaligned,-,Monster Manual (SRD)
Hydroloth,9,fiend (yugoloth),Medium,15,135,swim,neutral evil,-,Monsters of the Multiverse
Hydroloth legacy,9,fiend (yugoloth),Medium,15,135,swim,neutral evil,-,Mordenkainen´s Tome of Foes
Hyena,0,beast,Medium,11,5,-,unaligned,-,Monster Manual (SRD)
Ice Devil,14,fiend (devil),Large,18,180,-,lawful evil,-,Monster Manual (SRD)
Ice Mephit,1/2,elemental,Small,11,21,fly,neutral evil,-,Monster Manual (SRD)
Iggwilv the Witch Queen,20,fey (wizard),Medium,19,255,-,chaotic neutral,Legendary,Adventures (The Wild Beyond the Witchlight)
Illusionist legacy,3,humanoid (any race),Medium,12,38,-,any alignment,-,Volo´s Guide to Monsters
Illusionist Wizard,3,humanoid,Medium,12,44,-,any alignment,-,Monsters of the Multiverse
Imix,19,elemental,Huge,17,325,fly,neutral evil,Legendary,Adventures (Princes of the Apocalypse)
Imp,1,"fiend (devil, shapechanger)",Tiny,13,10,fly,lawful evil,-,Monster Manual (SRD)
Intellect Devourer,2,aberration,Tiny,12,21,-,lawful evil,-,Monster Manual
Invisible Stalker,6,elemental,Medium,14,104,fly,neutral,-,Monster Manual (SRD)
Iron Consul,2,humanoid (human),Medium,16,45,-,lawful evil,-,Adventures (Descent into Avernus)
Iron Golem,16,construct,Large,20,210,-,unaligned,-,Monster Manual (SRD)
Jackal,0,beast,Small,12,3,-,unaligned,-,Monster Manual (SRD)
Jackalwere,1/2,humanoid (shapechanger),Medium,12,18,-,chaotic evil,-,Monster Manual (BR+)
Jarlaxle Baenre,15,humanoid (elf),Medium,24,123,-,chaotic neutral,Legendary,Adventures (Dragon Heist)
Juiblex,23,fiend (demon),Huge,18,350,-,chaotic evil,Legendary,Monsters of the Multiverse
Juiblex legacy,23,fiend (demon),Huge,18,350,-,chaotic evil,Legendary,Mordenkainen´s Tome of Foes
Kenku,1/4,humanoid (kenku),Medium,13,13,-,chaotic neutral,-,Monster Manual (BR+)
Ki-rin,12,celestial,Large,20,153,fly,lawful good,Legendary,Monsters of the Multiverse
Ki-rin legacy,12,celestial,Huge,20,152,fly,lawful good,Legendary,Volo´s Guide to Monsters
Killer Whale,3,beast,Huge,12,90,swim,unaligned,-,Monster Manual (SRD)
Knight,3,humanoid (any race),Medium,18,52,-,any alignment,-,Monster Manual (SRD)
Knucklehead Trout,0,beast,Small,12,7,swim,unaligned,-,Adventures (Rime of the Frostmaiden)
Kobold,1/8,humanoid (kobold),Small,12,5,-,lawful evil,-,Monster Manual (SRD)
Kobold Dragonshield,1,dragon,Small,15,44,-,any alignment,-,Monsters of the Multiverse
Kobold Dragonshield legacy,1,humanoid (kobold),Small,15,44,-,lawful evil,-,Volo´s Guide to Monsters
Kobold Inventor,1/4,humanoid,Small,12,13,-,any alignment,-,Monsters of the Multiverse
Kobold Inventor legacy,1/4,humanoid (kobold),Small,12,13,-,lawful evil,-,Volo´s Guide to Monsters
Kobold Scale Sorcerer,1,humanoid,Small,15,27,-,any alignment,-,Monsters of the Multiverse
Kobold Scale Sorcerer legacy,1,humanoid (kobold),Small,15,27,-,lawful evil,-,Volo´s Guide to Monsters
Korred,7,fey,Small,17,93,-,chaotic neutral,-,Monsters of the Multiverse
Korred legacy,7,fey,Small,17,102,-,chaotic neutral,-,Volo´s Guide to Monsters
Kraken,23,monstrosity (titan),Gargantuan,18,472,swim,chaotic evil,Legendary,Monster Manual (SRD)
Kraken Priest,5,monstrosity,Medium,15,75,swim,chaotic evil,-,Monsters of the Multiverse
Kraken Priest legacy,5,humanoid (any race),Medium,10,75,swim,any evil alignment,-,Volo´s Guide to Monsters
Kruthik Hive Lord,5,monstrosity,Large,20,102,-,unaligned,-,Monsters of the Multiverse
Kruthik Hive Lord legacy,5,monstrosity,Large,20,102,-,unaligned,-,Mordenkainen´s Tome of Foes
Kuo-toa,1/4,humanoid (kuo-toa),Medium,13,18,swim,neutral evil,-,Monster Manual (BR+)
Kuo-toa Archpriest,6,humanoid (kuo-toa),Medium,13,97,swim,neutral evil,-,Monster Manual (BR+)
Kuo-toa Whip,1,humanoid (kuo-toa),Medium,11,65,swim,neutral evil,-,Monster Manual (BR+)
Laeral Silverhand,17,humanoid (human),Medium,18,228,-,chaotic good,-,Adventures (Dragon Heist)
Lamia,4,monstrosity,Large,13,97,-,chaotic evil,-,Monster Manual (SRD)
Lemure,0,fiend (devil),Medium,7,13,-,lawful evil,-,Monster Manual (SRD)
Leucrotta,3,monstrosity,Large,14,67,-,chaotic evil,-,Monsters of the Multiverse
Leucrotta legacy,3,monstrosity,Large,14,67,-,chaotic evil,-,Volo´s Guide to Monsters
Leviathan,20,elemental,Gargantuan,17,328,swim,neutral,Legendary,Monsters of the Multiverse
Leviathan legacy,20,elemental,Gargantuan,17,328,swim,neutral,Legendary,Mordenkainen´s Tome of Foes
Lich,21,undead,Medium,17,135,-,any evil alignment,Legendary,Monster Manual (SRD)
Lion,1,beast,Large,12,26,-,unaligned,-,Monster Manual (SRD)
Liondrake,7,monstrosity,Large,16,119,fly,neutral,-,Fizban´s Treasury of Dragons
Lizard,0,beast,Tiny,10,2,-,unaligned,-,Monster Manual (SRD)
Lizard King/Queen,4,humanoid (lizardfolk),Medium,15,78,swim,chaotic evil,-,Monster Manual (BR+)
Lizardfolk,1/2,humanoid (lizardfolk),Medium,15,22,swim,neutral,-,Monster Manual (SRD)
Lizardfolk Shaman,2,humanoid (lizardfolk),Medium,13,27,swim,neutral,-,Monster Manual (BR+)
Lonely Sorrowsworn,9,monstrosity,Medium,16,112,-,neutral evil,-,Monsters of the Multiverse
Lord Soth,19,undead (paladin),Medium,18,228,-,lawful evil,Legendary,Adventures (Shadow of the Dragon Queen)
Lost Sorrowsworn,7,monstrosity,Medium,15,78,-,neutral evil,-,Monsters of the Multiverse
Mage,6,humanoid (any race),Medium,12,40,-,any alignment,-,Monster Manual (SRD)
Magma Mephit,1/2,elemental,Small,11,22,fly,neutral evil,-,Monster Manual (SRD)
Magmin,1/2,elemental,Small,14,9,-,chaotic neutral,-,Monster Manual (SRD)
Male Steeder,1/4,monstrosity,Medium,12,13,-,unaligned,-,Monsters of the Multiverse
Male Steeder legacy,1/4,monstrosity,Medium,12,13,-,unaligned,-,Mordenkainen´s Tome of Foes
Mammoth,6,beast,Huge,13,126,-,unaligned,-,Monster Manual (SRD)
Manes,1/8,fiend (demon),Small,9,9,-,chaotic evil,-,Monster Manual
Manshoon,13,humanoid (human),Medium,19,126,-,lawful evil,-,Adventures (Dragon Heist)
Manticore,3,monstrosity,Large,14,68,fly,lawful evil,-,Monster Manual (SRD)
Marid,11,elemental,Large,17,229,"fly, swim",chaotic neutral,-,Monster Manual
Marilith,16,fiend (demon),Large,18,189,-,chaotic evil,-,Monster Manual (SRD)
Martial Arts Adept,3,humanoid,Medium,16,60,-,any alignment,-,Monsters of the Multiverse
Martial Arts Adept legacy,3,humanoid (any race),Medium,16,60,-,any alignment,-,Volo´s Guide to Monsters
Marut,25,construct (inevitable),Large,22,432,fly,lawful neutral,-,Monsters of the Multiverse
Marut legacy,25,construct (inevitable),Large,22,432,fly,lawful neutral,-,Mordenkainen´s Tome of Foes
Master of Souls,4,humanoid (human),Medium,12,45,-,neutral evil,-,Adventures (Descent into Avernus)
Master Sage,5,humanoid (any race),Medium,10,54,-,-,-,Adventures (Candlekeep Mysteries)
Master Thief,5,humanoid,Medium,16,84,-,any alignment,-,Monsters of the Multiverse
Master Thief legacy,5,humanoid (any race),Medium,16,84,-,any alignment,-,Volo´s Guide to Monsters
Mastiff,1/8,beast,Medium,12,5,-,unaligned,-,Monster Manual (SRD)
Maurezhi,7,fiend (demon),Medium,15,88,-,chaotic evil,-,Monsters of the Multiverse
Maurezhi legacy,7,fiend (demon),Medium,15,88,-,chaotic evil,-,Mordenkainen´s Tome of Foes
Maw Demon,1,fiend (demon),Medium,13,33,-,chaotic evil,-,Monsters of the Multiverse
Maw Demon legacy,1,fiend (demon),Medium,13,33,-,chaotic evil,-,Volo´s Guide to Monsters
Meazel,1,monstrosity,Medium,13,35,-,neutral evil,-,Monsters of the Multiverse
Meazel legacy,1,humanoid (meazel),Medium,13,35,-,neutral evil,-,Mordenkainen´s Tome of Foes
Medusa,6,monstrosity,Medium,15,127,-,lawful evil,-,Monster Manual (SRD)
Meenlock,2,fey,Small,15,31,-,neutral evil,-,Monsters of the Multiverse
Meenlock legacy,2,fey,Small,15,31,-,neutral evil,-,Volo´s Guide to Monsters
Merfolk,1/8,humanoid (merfolk),Medium,11,11,swim,neutral,-,Monster Manual (SRD)
Merregon,4,fiend (devil),Medium,16,45,-,lawful evil,-,Monsters of the Multiverse
Merregon legacy,4,fiend (devil),Medium,16,45,-,lawful evil,-,Mordenkainen´s Tome of Foes
Merrenoloth,3,fiend (yugoloth),Medium,13,40,swim,neutral evil,-,Monsters of the Multiverse
Merrenoloth legacy,3,fiend (yugoloth),Medium,13,40,swim,neutral evil,-,Mordenkainen´s Tome of Foes
Merrow,2,monstrosity,Large,13,45,swim,chaotic evil,-,Monster Manual (SRD)
Metallic Greatwyrm,28,dragon (metallic),Gargantuan,22,565,"fly, swim",lawful good,Mythic,Fizban´s Treasury of Dragons
Mezzoloth,5,fiend (yugoloth),Medium,18,75,-,neutral evil,-,Monster Manual (BR+)
Mighty Servant of Leuk-O,-,construct,Huge,22,310,-,-,-,Tasha´s Cauldron of Everything
Miirym,22,undead,Large,10,262,fly,-,Legendary,Adventures (Candlekeep Mysteries)
Mimic,2,monstrosity (shapechanger),Medium,12,58,-,neutral,-,Monster Manual (SRD)
Mind Flayer,7,aberration,Medium,15,71,-,lawful evil,-,Monster Manual
Mindwitness,5,aberration,Large,15,75,fly,lawful neutral,-,Monsters of the Multiverse
Mindwitness legacy,5,aberration,Large,15,75,fly,lawful evil,-,Volo´s Guide to Monsters
Minor Air Elemental,1/4,elemental,Tiny,13,16,fly,neutral,-,Extra (D&D Beyond)
Minor Earth Elemental,1,elemental,Small,15,60,-,neutral,-,Extra (D&D Beyond)
Minor Fire Elemental,2,elemental,Medium,12,39,-,neutral,-,Extra (D&D Beyond)
Minor Water Elemental,1/2,elemental,Small,13,39,swim,neutral,-,Extra (D&D Beyond)
Minotaur,3,monstrosity,Large,14,76,-,chaotic evil,-,Monster Manual (SRD)
Minotaur Skeleton,2,undead,Large,12,67,-,lawful evil,-,Monster Manual (SRD)
Moloch,21,fiend (devil),Large,19,253,-,lawful evil,Legendary,Monsters of the Multiverse
Moloch legacy,21,fiend (devil),Large,19,253,-,lawful evil,Legendary,Mordenkainen´s Tome of Foes
Molydeus,21,fiend (demon),Huge,19,216,-,chaotic evil,Legendary,Monsters of the Multiverse
Molydeus legacy,21,fiend (demon),Huge,19,216,-,chaotic evil,Legendary,Mordenkainen´s Tome of Foes
Monodrone,1/8,construct,Medium,15,5,fly,lawful neutral,-,Monster Manual
Moonstone Dragon Wyrmling,2,dragon,Medium,17,39,fly,neutral,-,Fizban´s Treasury of Dragons
Morkoth,11,aberration,Large,17,165,swim,chaotic evil,-,Monsters of the Multiverse
Morkoth legacy,11,aberration,Medium,17,130,swim,chaotic evil,-,Volo´s Guide to Monsters
Mountain Goat,1/8,beast,Medium,11,13,-,unaligned,-,Adventures (Rime of the Frostmaiden)
Mouth of Grolantor,6,giant,Huge,14,105,-,chaotic evil,-,Monsters of the Multiverse
Mouth of Grolantor legacy,6,giant (hill giant),Huge,14,105,-,chaotic evil,-,Volo´s Guide to Monsters
Mud Mephit,1/4,elemental,Small,11,27,"fly, swim",neutral evil,-,Monster Manual (BR+)
Muiral,13,monstrosity,Large,16,195,-,chaotic evil,Legendary,Adventures (Dungeon of the Mad Mage)
Mule,1/8,beast,Medium,10,11,-,unaligned,-,Monster Manual (SRD)
Mummified Warrior,1/4,undead,Medium,8,19,-,neutral,-,Extra (AideDD)
Mummy,3,undead,Medium,11,58,-,lawful evil,-,Monster Manual (SRD)
Mummy Lord,15,undead,Medium,17,97,-,lawful evil,Legendary,Monster Manual (SRD)
Myconid adult,1/2,plant,Medium,12,22,-,lawful neutral,-,Monster Manual
Myconid Sovereign,2,plant,Large,13,60,-,lawful neutral,-,Monster Manual
Myconid sprout,0,plant,Small,10,7,-,lawful neutral,-,Monster Manual
Nabassu,15,fiend (demon),Medium,18,190,fly,chaotic evil,-,Monsters of the Multiverse
Nabassu legacy,15,fiend (demon),Medium,18,190,fly,chaotic evil,-,Mordenkainen´s Tome of Foes
Nagpa,17,monstrosity (wizard),Medium,19,203,-,neutral evil,-,Monsters of the Multiverse
Nagpa legacy,17,humanoid (nagpa),Medium,19,187,-,neutral evil,-,Mordenkainen´s Tome of Foes
Nalfeshnee,13,fiend (demon),Large,18,184,fly,chaotic evil,-,Monster Manual (SRD)
Narzugon,13,fiend (devil),Medium,20,112,-,lawful evil,-,Monsters of the Multiverse
Narzugon legacy,13,fiend (devil),Medium,20,112,-,lawful evil,-,Mordenkainen´s Tome of Foes
Necromancer legacy,9,humanoid (any race),Medium,12,66,-,any alignment,-,Volo´s Guide to Monsters
Necromancer Wizard,9,humanoid,Medium,12,110,-,any alignment,-,Monsters of the Multiverse
Necromite of Myrkul,1/2,humanoid (human),Medium,11,13,-,neutral evil,-,Adventures (Descent into Avernus)
Needle Blight,1/4,plant,Medium,12,11,-,neutral evil,-,Monster Manual
Neogi,3,aberration,Small,15,33,-,lawful evil,-,Monsters of the Multiverse
Neogi legacy,3,aberration,Small,15,33,-,lawful evil,-,Volo´s Guide to Monsters
Neogi Hatchling,1/8,aberration,Tiny,11,7,-,lawful evil,-,Monsters of the Multiverse
Neogi Hatchling legacy,1/8,aberration,Tiny,11,7,-,lawful evil,-,Volo´s Guide to Monsters
Neogi Master,4,aberration (warlock),Medium,15,71,-,lawful evil,-,Monsters of the Multiverse
Neogi Master legacy,4,aberration,Medium,15,71,-,lawful evil,-,Volo´s Guide to Monsters
Neothelid,13,aberration,Gargantuan,16,232,-,chaotic evil,-,Monsters of the Multiverse
Neothelid legacy,13,aberration,Gargantuan,16,325,-,chaotic evil,-,Volo´s Guide to Monsters
Night Blade,1/4,humanoid (human),Medium,12,11,-,chaotic evil,-,Adventures (Descent into Avernus)
Night Hag,5,fiend,Medium,17,112,-,neutral evil,-,Monster Manual (SRD)
Nightmare,3,fiend,Large,13,68,fly,neutral evil,-,Monster Manual (SRD)
Nightwalker,20,undead,Huge,14,337,fly,chaotic evil,-,Monsters of the Multiverse
Nightwalker legacy,20,undead,Huge,14,297,fly,chaotic evil,-,Mordenkainen´s Tome of Foes
Nilbog,1,fey (goblinoid),Small,13,7,-,chaotic neutral,-,Monsters of the Multiverse
Nilbog legacy,1,humanoid (goblinoid),Small,13,7,-,chaotic evil,-,Volo´s Guide to Monsters
Noble,1/8,humanoid (any race),Medium,15,9,-,any alignment,-,Monster Manual (SRD)
Nothic,2,aberration,Medium,15,45,-,neutral evil,-,Monster Manual
Nupperibo,1/2,fiend (devil),Medium,13,11,-,lawful evil,-,Monsters of the Multiverse
Nupperibo legacy,1/2,fiend (devil),Medium,13,11,-,lawful evil,-,Mordenkainen´s Tome of Foes
Nycaloth,9,fiend (yugoloth),Large,18,123,fly,neutral evil,-,Monster Manual (BR+)
Oblex Spawn,1/4,ooze,Tiny,13,18,-,lawful evil,-,Monsters of the Multiverse
Oblex Spawn legacy,1/4,ooze,Tiny,13,18,-,lawful evil,-,Mordenkainen´s Tome of Foes
Ochre Jelly,2,ooze,Large,8,45,-,unaligned,-,Monster Manual (SRD)
Octopus,0,beast,Small,12,3,swim,unaligned,-,Monster Manual (SRD)
Ogre,2,giant,Large,11,59,-,chaotic evil,-,Monster Manual (SRD)
Ogre Battering Ram,4,giant,Large,11,76,-,chaotic evil,-,Monsters of the Multiverse
Ogre Battering Ram legacy,4,giant,Large,14,59,-,chaotic evil,-,Mordenkainen´s Tome of Foes
Ogre Bolt Launcher,2,giant,Large,13,59,-,chaotic evil,-,Monsters of the Multiverse
Ogre Bolt Launcher legacy,2,giant,Large,13,59,-,chaotic evil,-,Mordenkainen´s Tome of Foes
Ogre Chain Brute,3,giant,Large,11,59,-,chaotic evil,-,Monsters of the Multiverse
Ogre Chain Brute legacy,3,giant,Large,11,59,-,chaotic evil,-,Mordenkainen´s Tome of Foes
Ogre Howdah,2,giant,Large,15,59,-,chaotic evil,-,Monsters of the Multiverse
Ogre Howdah legacy,2,giant,Large,13,59,-,chaotic evil,-,Mordenkainen´s Tome of Foes
Ogre Zombie,2,undead,Large,8,85,-,neutral evil,-,Monster Manual (SRD)
Ogrémoch,20,elemental,Gargantuan,20,526,-,neutral evil,Legendary,Adventures (Princes of the Apocalypse)
Oinoloth,12,fiend (yugoloth),Medium,17,119,-,neutral evil,-,Monsters of the Multiverse
Oinoloth legacy,12,fiend (yugoloth),Medium,17,126,-,neutral evil,-,Mordenkainen´s Tome of Foes
Olhydra,18,elemental,Huge,18,324,swim,neutral evil,Legendary,Adventures (Princes of the Apocalypse)
Oni,7,giant,Large,16,110,fly,lawful evil,-,Monster Manual (SRD)
Orc,1/2,humanoid (orc),Medium,13,15,-,chaotic evil,-,Monster Manual (SRD)
Orc Blade of Ilneval,4,humanoid (orc),Medium,18,60,-,chaotic evil,-,Volo´s Guide to Monsters
Orc Claw of Luthic,2,humanoid (orc),Medium,14,45,-,chaotic evil,-,Volo´s Guide to Monsters
Orc Eye of Gruumsh,2,humanoid (orc),Medium,16,45,-,chaotic evil,-,Monster Manual (BR+)
Orc Hand of Yurtrus,2,humanoid (orc),Medium,12,30,-,chaotic evil,-,Volo´s Guide to Monsters
Orc Red Fang of Shargaas,3,humanoid (orc),Medium,15,52,-,chaotic evil,-,Volo´s Guide to Monsters
Orc War Chief,4,humanoid (orc),Medium,16,93,-,chaotic evil,-,Monster Manual
Orcus,26,fiend (demon),Huge,17,405,fly,chaotic evil,Legendary,Monsters of the Multiverse
Orcus legacy,26,fiend (demon),Huge,17,405,fly,chaotic evil,Legendary,Mordenkainen´s Tome of Foes
Orog,2,humanoid (orc),Medium,18,42,-,chaotic evil,-,Monster Manual (BR+)
Orthon,10,fiend (devil),Large,17,105,-,lawful evil,-,Monsters of the Multiverse
Orthon legacy,10,fiend (devil),Large,17,105,-,lawful evil,-,Mordenkainen´s Tome of Foes
Otyugh,5,aberration,Large,14,114,-,neutral,-,Monster Manual (SRD)
Owl,0,beast,Tiny,11,1,fly,unaligned,-,Monster Manual (SRD)
Owlbear,3,monstrosity,Large,13,59,-,unaligned,-,Monster Manual (SRD)
Ox,1/4,beast (cattle),Large,10,15,-,unaligned,-,Monsters of the Multiverse
Ox legacy,1/4,beast,Large,10,15,-,unaligned,-,Volo´s Guide to Monsters
Panther,1/4,beast,Medium,12,13,-,unaligned,-,Monster Manual (SRD)
Pegasus,2,celestial,Large,12,59,fly,chaotic good,-,Monster Manual (SRD)
Pentadrone,2,construct,Large,16,32,-,lawful neutral,-,Monster Manual
Peryton,2,monstrosity,Medium,13,33,fly,chaotic evil,-,Monster Manual (BR+)
Phase Spider,3,monstrosity,Large,13,32,-,unaligned,-,Monster Manual (SRD)
Phoenix,16,elemental,Gargantuan,18,175,fly,neutral,Legendary,Monsters of the Multiverse
Phoenix legacy,16,elemental,Gargantuan,18,175,fly,neutral,Legendary,Mordenkainen´s Tome of Foes
Piercer,1/2,monstrosity,Medium,15,22,-,unaligned,-,Monster Manual (BR+)
Pit Fiend,20,fiend (devil),Large,19,300,fly,lawful evil,-,Monster Manual (SRD)
Pixie,1/4,fey,Tiny,15,1,fly,neutral good,-,Monster Manual
Planetar,16,celestial,Large,19,200,fly,lawful good,-,Monster Manual (SRD)
Plesiosaurus,2,beast,Large,13,68,swim,unaligned,-,Monster Manual (SRD)
Poisonous Snake,1/8,beast,Tiny,13,2,swim,unaligned,-,Monster Manual (SRD)
Polar Bear,2,beast,Large,12,42,swim,unaligned,-,Monster Manual (SRD)
Pony,1/8,beast,Medium,10,11,-,unaligned,-,Monster Manual (SRD)
Priest,2,humanoid (any race),Medium,13,27,-,any alignment,-,Monster Manual (SRD)
Pseudodragon,1/4,dragon,Tiny,13,7,fly,neutral good,-,Monster Manual (SRD)
Pteranodon,1/4,beast,Medium,13,13,fly,unaligned,-,Monster Manual (BR)
Purple Worm,15,monstrosity,Gargantuan,18,247,-,unaligned,-,Monster Manual (SRD)
Quadrone,1,construct,Medium,16,22,fly,lawful neutral,-,Monster Manual
Quaggoth,2,humanoid (quaggoth),Medium,13,45,-,chaotic neutral,-,Monster Manual
Quaggoth spore servant,1,plant,Medium,13,45,-,unaligned,-,Monster Manual
Quasit,1,"fiend (demon, shapechanger)",Tiny,13,7,-,chaotic evil,-,Monster Manual (SRD)
Quetzalcoatlus,2,beast (dinosaur),Huge,13,30,fly,unaligned,-,Monsters of the Multiverse
Quetzalcoatlus legacy,2,beast,Huge,13,30,fly,unaligned,-,Volo´s Guide to Monsters
Quickling,1,fey,Tiny,16,10,-,chaotic evil,-,Monsters of the Multiverse
Quickling legacy,1,fey,Tiny,16,10,-,chaotic evil,-,Volo´s Guide to Monsters
Quipper,0,beast,Tiny,13,1,swim,unaligned,-,Monster Manual (SRD)
Rakshasa,13,fiend,Medium,16,110,-,lawful evil,-,Monster Manual (SRD)
Rat,0,beast,Tiny,10,1,-,unaligned,-,Monster Manual (SRD)
Raven,0,beast,Tiny,12,1,fly,unaligned,-,Monster Manual (SRD)
Reaper of Bhaal,2,humanoid (human),Medium,15,27,-,chaotic evil,-,Adventures (Descent into Avernus)
Red Abishai,19,fiend (devil),Medium,22,289,fly,lawful evil,-,Monsters of the Multiverse
Red Abishai legacy,19,fiend (devil),Medium,22,255,fly,lawful evil,-,Mordenkainen´s Tome of Foes
Red Dragon Wyrmling,4,dragon (chromatic),Medium,17,75,fly,chaotic evil,-,Monster Manual (SRD)
Red Slaad,5,aberration,Large,14,93,-,chaotic neutral,-,Monster Manual
Redcap,3,fey,Small,14,45,-,chaotic evil,-,Monsters of the Multiverse
Redcap legacy,3,fey,Small,13,45,-,chaotic evil,-,Volo´s Guide to Monsters
Reef Manta Ray,1/2,beast,Large,12,16,swim,unaligned,-,Extra (AideDD)
Reef Shark,1/2,beast,Medium,12,22,swim,unaligned,-,Monster Manual (SRD)
Remorhaz,11,monstrosity,Huge,17,195,-,unaligned,-,Monster Manual (SRD)
Retriever,14,construct,Large,19,210,-,lawful evil,-,Monsters of the Multiverse
Retriever legacy,14,construct,Large,19,210,-,lawful evil,-,Mordenkainen´s Tome of Foes
Revenant,5,undead,Medium,13,136,-,neutral,-,Monster Manual (BR+)
Rhinoceros,2,beast,Large,11,45,-,unaligned,-,Monster Manual (SRD)
Riding Horse,1/4,beast,Large,10,13,-,unaligned,-,Monster Manual (SRD)
Roc,11,monstrosity,Gargantuan,15,248,fly,unaligned,-,Monster Manual (SRD)
Roper,5,monstrosity,Large,20,93,-,neutral evil,-,Monster Manual (SRD)
Rot Troll,9,giant,Large,16,138,-,chaotic evil,-,Monsters of the Multiverse
Rot Troll legacy,9,giant,Large,16,138,-,chaotic evil,-,Mordenkainen´s Tome of Foes
Rothé,1/4,beast,Large,10,15,-,unaligned,-,Volo´s Guide to Monsters
Rug of Smothering,2,construct,Large,12,33,-,unaligned,-,Monster Manual (SRD)
Rust Monster,1/2,monstrosity,Medium,14,27,-,unaligned,-,Monster Manual (SRD)
Rutterkin,2,fiend (demon),Medium,12,37,-,chaotic evil,-,Monsters of the Multiverse
Rutterkin legacy,2,fiend (demon),Medium,12,37,-,chaotic evil,-,Mordenkainen´s Tome of Foes
Saber-Toothed Tiger,2,beast,Large,12,52,-,unaligned,-,Monster Manual (SRD)
Sage,1/2,humanoid (any race),Medium,10,22,-,-,-,Adventures (Candlekeep Mysteries)
Sahuagin,1/2,humanoid (sahuagin),Medium,12,22,swim,lawful evil,-,Monster Manual (SRD)
Sahuagin Baron,5,humanoid (sahuagin),Large,16,76,swim,lawful evil,-,Monster Manual
Sahuagin Priestess,2,humanoid (sahuagin),Medium,12,33,swim,lawful evil,-,Monster Manual
Salamander,5,elemental,Large,15,90,-,neutral evil,-,Monster Manual (SRD)
Sapphire Dragon Wyrmling,3,dragon (gem),Medium,16,45,fly,lawful neutral,-,Fizban´s Treasury of Dragons
Satyr,1/2,fey,Medium,14,31,-,chaotic neutral,-,Monster Manual (SRD)
Scarecrow,1,construct,Medium,11,36,-,chaotic evil,-,Monster Manual
Scorpion,0,beast,Tiny,11,1,-,unaligned,-,Monster Manual (SRD)
Scout,1/2,humanoid (any race),Medium,13,16,-,any alignment,-,Monster Manual (SRD)
Sea Hag,2,fey,Medium,14,52,swim,chaotic evil,-,Monster Manual (SRD)
Sea Horse,0,beast,Tiny,11,1,swim,unaligned,-,Monster Manual (SRD)
Sea Spawn,1,monstrosity,Medium,11,32,swim,neutral evil,-,Monsters of the Multiverse
Sea Spawn legacy,1,humanoid,Medium,11,32,swim,neutral evil,-,Volo´s Guide to Monsters
Seal,0,beast,Medium,11,9,swim,unaligned,-,Adventures (Rime of the Frostmaiden)
Shadar-kai Gloom Weaver,9,humanoid (elf),Medium,14,104,-,neutral evil,-,Monsters of the Multiverse
Shadar-kai Shadow Dancer,7,humanoid (elf),Medium,15,71,-,any alignment,-,Monsters of the Multiverse
Shadar-kai Soul Monger,11,humanoid (elf),Medium,15,136,-,neutral evil,-,Monsters of the Multiverse
Shadow,1/2,undead,Medium,12,16,-,chaotic evil,-,Monster Manual (SRD)
Shadow Dancer legacy,7,humanoid (elf),Medium,15,71,-,neutral,-,Mordenkainen´s Tome of Foes
Shadow Demon,4,fiend (demon),Medium,13,66,fly,chaotic evil,-,Monster Manual (BR+)
Shadow Mastiff,3,monstrosity,Medium,12,44,-,neutral evil,-,Monsters of the Multiverse
Shadow Mastiff legacy,2,monstrosity,Medium,12,33,-,neutral evil,-,Volo´s Guide to Monsters
Shadow Mastiff Alpha,2,monstrosity,Medium,12,33,-,neutral evil,-,Monsters of the Multiverse
Shadow Spirit,-,monstrosity,Medium,11,35,-,-,-,Tasha´s Cauldron of Everything
Shambling Mound,5,plant,Large,15,136,swim,unaligned,-,Monster Manual (SRD)
Shield Guardian,7,construct,Large,17,142,-,unaligned,-,Monster Manual (SRD)
Shoosuva,8,fiend (demon),Large,14,136,-,chaotic evil,-,Monsters of the Multiverse
Shoosuva legacy,8,fiend (demon),Large,14,110,-,chaotic evil,-,Volo´s Guide to Monsters
Shrieker,0,plant,Medium,5,13,-,unaligned,-,Monster Manual (SRD)
Sibriex,18,fiend (demon),Huge,19,150,fly,chaotic evil,Legendary,Monsters of the Multiverse
Sibriex legacy,18,fiend (demon),Huge,19,150,fly,chaotic evil,Legendary,Mordenkainen´s Tome of Foes
Silver Dragon Wyrmling,2,dragon (metallic),Medium,17,45,fly,lawful good,-,Monster Manual (SRD)
Skeleton,1/4,undead,Medium,13,13,-,lawful evil,-,Monster Manual (SRD)
Skulk,1/2,monstrosity,Medium,14,18,-,chaotic neutral,-,Monsters of the Multiverse
Skulk legacy,1/2,humanoid,Medium,14,18,-,chaotic neutral,-,Mordenkainen´s Tome of Foes
Skull Lasher of Myrkul,1,humanoid (human),Medium,12,32,-,neutral evil,-,Adventures (Descent into Avernus)
Skull Lord,15,undead (sorcerer),Medium,18,112,-,lawful evil,Legendary,Monsters of the Multiverse
Skull Lord legacy,15,undead,Medium,18,105,-,lawful evil,Legendary,Mordenkainen´s Tome of Foes
Slaad Tadpole,1/8,aberration,Tiny,12,10,-,chaotic neutral,-,Monster Manual
Slithering Tracker,3,ooze,Medium,14,39,swim,chaotic evil,-,Monsters of the Multiverse
Slithering Tracker legacy,3,ooze,Medium,14,32,swim,chaotic evil,-,Volo´s Guide to Monsters
Smoke Mephit,1/4,elemental,Small,12,22,fly,neutral evil,-,Monster Manual (BR+)
Solar,21,celestial,Large,21,243,fly,lawful good,Legendary,Monster Manual (SRD)
Soul Monger legacy,11,humanoid (elf),Medium,15,123,-,neutral,-,Mordenkainen´s Tome of Foes
Spawn of Kyuss,5,undead,Medium,10,76,-,chaotic evil,-,Monsters of the Multiverse
Spawn of Kyuss legacy,5,undead,Medium,10,76,-,chaotic evil,-,Volo´s Guide to Monsters
Spectator,3,aberration,Medium,14,39,fly,lawful neutral,-,Monster Manual
Specter,1,undead,Medium,12,22,fly,chaotic evil,-,Monster Manual (SRD)
Spellcaster (lvl 1),-,humanoid (any race),Medium,12,9,-,-,-,Rules (Essentials Kit)
Spellcaster (lvl 2),-,humanoid (any race),Medium,12,13,-,-,-,Rules (Essentials Kit)
Spellcaster (lvl 3),-,humanoid (any race),Medium,12,18,-,-,-,Rules (Essentials Kit)
Spellcaster (lvl 4),-,humanoid (any race),Medium,12,22,-,-,-,Rules (Essentials Kit)
Spellcaster (lvl 5),-,humanoid (any race),Medium,12,27,-,-,-,Rules (Essentials Kit)
Spellcaster (lvl 6),-,humanoid (any race),Medium,12,31,-,-,-,Rules (Essentials Kit)
Sperm Whale,8,beast,Gargantuan,13,189,swim,unaligned,-,Adventures (Rime of the Frostmaiden)
Spider,0,beast,Tiny,12,1,-,unaligned,-,Monster Manual (SRD)
Spined Devil,2,fiend (devil),Small,13,22,fly,lawful evil,-,Monster Manual
Spirit Naga,8,monstrosity,Large,15,75,-,chaotic evil,-,Monster Manual (SRD)
Spirit Troll,11,giant,Large,17,130,-,chaotic evil,-,Monsters of the Multiverse
Spirit Troll legacy,11,giant,Large,17,97,-,chaotic evil,-,Mordenkainen´s Tome of Foes
Spring Eladrin,10,fey (elf),Medium,19,165,-,chaotic neutral,-,Monsters of the Multiverse
Spring Eladrin legacy,10,fey (elf),Medium,19,127,-,chaotic neutral,-,Mordenkainen´s Tome of Foes
Sprite,1/4,fey,Tiny,15,2,fly,neutral good,-,Monster Manual (SRD)
Spy,1,humanoid (any race),Medium,12,27,-,any alignment,-,Monster Manual (SRD)
Star Spawn Grue,1/4,aberration,Small,11,17,-,neutral evil,-,Monsters of the Multiverse
Star Spawn Grue legacy,1/4,aberration,Small,11,17,-,neutral evil,-,Mordenkainen´s Tome of Foes
Star Spawn Hulk,10,aberration,Large,16,136,-,chaotic evil,-,Monsters of the Multiverse
Star Spawn Hulk legacy,10,aberration,Large,16,136,-,chaotic evil,-,Mordenkainen´s Tome of Foes
Star Spawn Larva Mage,16,aberration,Medium,16,168,-,chaotic evil,Legendary,Monsters of the Multiverse
Star Spawn Larva Mage legacy,16,aberration,Medium,16,168,-,chaotic evil,Legendary,Mordenkainen´s Tome of Foes
Star Spawn Mangler,5,aberration,Medium,14,71,-,chaotic evil,-,Monsters of the Multiverse
Star Spawn Mangler legacy,5,aberration,Medium,14,71,-,chaotic evil,-,Mordenkainen´s Tome of Foes
Star Spawn Seer,13,aberration,Medium,17,153,-,neutral evil,-,Monsters of the Multiverse
Star Spawn Seer legacy,13,aberration,Medium,17,153,-,neutral evil,-,Mordenkainen´s Tome of Foes
Steam Mephit,1/4,elemental,Small,10,21,fly,neutral evil,-,Monster Manual (SRD)
Steel Defender,-,construct,Medium,15,2,-,-,-,Tasha´s Cauldron of Everything
Steel Predator,16,construct,Large,20,207,-,lawful neutral,-,Monsters of the Multiverse
Steel Predator legacy,16,construct,Large,20,207,-,lawful evil,-,Mordenkainen´s Tome of Foes
Stench Kow,1/2,fiend (cattle),Large,10,15,-,unaligned,-,Monsters of the Multiverse
Stench Kow legacy,1/4,beast,Large,10,15,-,unaligned,-,Volo´s Guide to Monsters
Stirge,1/8,beast,Tiny,14,2,fly,unaligned,-,Monster Manual (SRD)
Stone Cursed,1,construct,Medium,17,19,-,lawful evil,-,Monsters of the Multiverse
Stone Cursed legacy,1,construct,Medium,17,19,-,lawful evil,-,Mordenkainen´s Tome of Foes
Stone Giant,7,giant,Huge,17,126,-,neutral,-,Monster Manual (SRD)
Stone Giant Dreamwalker,10,giant,Huge,18,161,-,chaotic neutral,-,Monsters of the Multiverse
Stone Giant Dreamwalker legacy,10,giant (stone giant),Huge,18,161,-,chaotic neutral,-,Volo´s Guide to Monsters
Stone Golem,10,construct,Large,17,178,-,unaligned,-,Monster Manual (SRD)
Storm Giant,13,giant,Huge,16,230,swim,chaotic good,-,Monster Manual (SRD)
Storm Giant Quintessent,16,giant,Huge,12,230,"fly, swim",chaotic good,Legendary,Monsters of the Multiverse
Storm Giant Quintessent legacy,16,giant (storm giant),Huge,12,230,"fly, swim",chaotic good,Legendary,Volo´s Guide to Monsters
Strahd von Zarovich,15,undead (shapechanger),Medium,16,144,-,lawful evil,Legendary,Adventures (Curse of Strahd)
Succubus,4,fiend (shapechanger),Medium,15,66,fly,neutral evil,-,Monster Manual (SRD)
Summer Eladrin,10,fey (elf),Medium,19,165,-,chaotic neutral,-,Monsters of the Multiverse
Summer Eladrin legacy,10,fey (elf),Medium,19,127,-,chaotic neutral,-,Mordenkainen´s Tome of Foes
Swarm of Bats,1/4,swarm of tiny beasts,Medium,12,22,fly,unaligned,-,Monster Manual (SRD)
Swarm of Cranium Rats,5,swarm of tiny aberrations,Medium,12,76,-,lawful evil,-,Monsters of the Multiverse
Swarm of Cranium Rats legacy,5,swarm of tiny beasts,Medium,12,36,-,lawful evil,-,Volo´s Guide to Monsters
Swarm of Insects,1/2,swarm of tiny beasts,Medium,12,22,-,unaligned,-,Monster Manual (SRD)
Swarm of Poisonous Snakes,2,swarm of tiny beasts,Medium,14,36,swim,unaligned,-,Monster Manual (SRD)
Swarm of Quippers,1,swarm of tiny beasts,Medium,13,28,swim,unaligned,-,Monster Manual (SRD)
Swarm of Rats,1/4,swarm of tiny beasts,Medium,10,24,-,unaligned,-,Monster Manual (SRD)
Swarm of Ravens,1/4,swarm of tiny beasts,Medium,12,24,fly,unaligned,-,Monster Manual (SRD)
Swarm of Rot Grubs,1/2,swarm of tiny beasts,Medium,8,22,-,unaligned,-,Monsters of the Multiverse
Swarm of Rot Grubs legacy,1/2,swarm of tiny beasts,Medium,8,22,-,unaligned,-,Volo´s Guide to Monsters
Swashbuckler,3,humanoid,Medium,17,66,-,any alignment,-,Monsters of the Multiverse
Swashbuckler legacy,3,humanoid (any race),Medium,17,66,-,any non-lawful alignment,-,Volo´s Guide to Monsters
Sword Wraith Commander,8,undead,Medium,18,127,-,lawful evil,-,Monsters of the Multiverse
Sword Wraith Commander legacy,8,undead,Medium,18,127,-,lawful evil,-,Mordenkainen´s Tome of Foes
Sword Wraith Warrior,3,undead,Medium,16,45,-,lawful evil,-,Monsters of the Multiverse
Sword Wraith Warrior legacy,3,undead,Medium,16,45,-,lawful evil,-,Mordenkainen´s Tome of Foes
Tabaxi Hunter,1,humanoid (tabaxi),Medium,14,40,-,chaotic good,-,Adventures (Tomb of Annihilation)
Tabaxi Minstrel,1/4,humanoid (tabaxi),Medium,12,22,-,chaotic good,-,Adventures (Tomb of Annihilation)
Tanarukk,5,fiend (demon),Medium,14,95,-,chaotic evil,-,Monsters of the Multiverse
Tanarukk legacy,5,"fiend (demon, orc)",Medium,14,95,-,chaotic evil,-,Volo´s Guide to Monsters
Tarrasque,30,monstrosity (titan),Gargantuan,25,676,-,unaligned,Legendary,Monster Manual (SRD)
The Angry legacy,13,monstrosity,Medium,18,255,-,neutral evil,-,Mordenkainen´s Tome of Foes
The Hungry legacy,11,monstrosity,Medium,17,225,-,neutral evil,-,Mordenkainen´s Tome of Foes
The Lonely legacy,9,monstrosity,Medium,16,112,-,neutral evil,-,Mordenkainen´s Tome of Foes
The Lost legacy,7,monstrosity,Medium,15,78,-,neutral evil,-,Mordenkainen´s Tome of Foes
The Wretched legacy,1/4,monstrosity,Small,15,10,-,neutral evil,-,Mordenkainen´s Tome of Foes
Thorny legacy,1,plant,Medium,14,27,-,neutral,-,Volo´s Guide to Monsters
Thorny Vegepygmy,1,plant,Medium,14,27,-,neutral,-,Monsters of the Multiverse
Thri-kreen,1,humanoid (thri-kreen),Medium,15,33,-,chaotic neutral,-,Monster Manual
Thug,1/2,humanoid (any race),Medium,11,32,-,any non-good alignment,-,Monster Manual (SRD)
Tiamat,30,fiend,Gargantuan,25,615,fly,chaotic evil,Legendary,Adventures (Tyranny of Dragons)
Tiger,1,beast,Large,12,37,-,unaligned,-,Monster Manual (SRD)
Tiny Servant,-,construct,Tiny,15,10,-,unaligned,-,Rules (Xanathar´s Guide to Everything)
Titivilus,16,fiend (devil),Medium,20,150,fly,lawful evil,Legendary,Monsters of the Multiverse
Titivilus legacy,16,fiend (devil),Medium,20,127,fly,lawful evil,Legendary,Mordenkainen´s Tome of Foes
Tlincalli,5,monstrosity,Large,15,85,-,neutral,-,Monsters of the Multiverse
Tlincalli legacy,5,monstrosity,Large,15,85,-,neutral evil,-,Volo´s Guide to Monsters
Topaz Dragon Wyrmling,2,dragon (gem),Medium,16,33,"fly, swim",chaotic neutral,-,Fizban´s Treasury of Dragons
Tortle,1/4,humanoid,Medium,17,22,-,any alignment,-,Monsters of the Multiverse
Tortle legacy,1/4,humanoid (tortle),Medium,17,22,-,lawful good,-,Mordenkainen´s Tome of Foes
Tortle Druid,2,humanoid,Medium,17,33,-,any alignment,-,Monsters of the Multiverse
Tortle Druid legacy,2,humanoid (tortle),Medium,17,33,-,lawful neutral,-,Mordenkainen´s Tome of Foes
Transmuter legacy,5,humanoid (any race),Medium,12,40,-,any alignment,-,Volo´s Guide to Monsters
Transmuter Wizard,5,humanoid,Medium,12,49,-,any alignment,-,Monsters of the Multiverse
Trapper,3,monstrosity,Large,13,68,-,unaligned,-,Monsters of the Multiverse
Trapper legacy,3,monstrosity,Large,13,85,-,unaligned,-,Volo´s Guide to Monsters
Treant,9,plant,Huge,16,138,-,chaotic good,-,Monster Manual (SRD)
Tribal Warrior,1/8,humanoid (any race),Medium,12,11,-,any alignment,-,Monster Manual (SRD)
Triceratops,5,beast,Huge,13,95,-,unaligned,-,Monster Manual (SRD)
Tridrone,1/2,construct,Medium,15,16,-,lawful neutral,-,Monster Manual
Troglodyte,1/4,humanoid (troglodyte),Medium,11,13,-,chaotic evil,-,Monster Manual (BR+)
Troll,5,giant,Large,15,84,-,chaotic evil,-,Monster Manual (SRD)
Twig Blight,1/8,plant,Small,13,4,-,neutral evil,-,Monster Manual (BR)
Tyrannosaurus Rex,8,beast,Huge,13,136,-,unaligned,-,Monster Manual (SRD)
Ulitharid,9,aberration (mind flayer),Large,15,127,-,lawful evil,-,Monsters of the Multiverse
Ulitharid legacy,9,aberration,Large,15,127,-,lawful evil,-,Volo´s Guide to Monsters
Ultroloth,13,fiend (yugoloth),Medium,19,153,fly,neutral evil,-,Monster Manual
Umber Hulk,5,monstrosity,Large,18,93,-,chaotic evil,-,Monster Manual (BR+)
Undead Spirit,-,undead,Medium,11,30,fly,-,-,Tasha´s Cauldron of Everything
Unicorn,5,celestial,Large,12,67,-,lawful good,Legendary,Monster Manual (SRD)
Uthgardt Shaman,2,humanoid (human),Medium,13,38,-,neutral evil,-,Adventures (Storm King's Thunder)
Vajra Safahr,13,humanoid (human),Medium,14,126,-,lawful neutral,-,Adventures (Dragon Heist)
Vampire,13,undead (shapechanger),Medium,16,144,-,lawful evil,Legendary,Monster Manual (SRD)
Vampire Spawn,5,undead,Medium,15,82,-,neutral evil,-,Monster Manual (SRD)
Vampiric Mist,3,undead,Medium,13,30,fly,chaotic evil,-,Monsters of the Multiverse
Vampiric Mist legacy,3,undead,Medium,13,30,fly,chaotic evil,-,Mordenkainen´s Tome of Foes
Vargouille,1,fiend,Tiny,12,18,fly,chaotic evil,-,Monsters of the Multiverse
Vargouille legacy,1,fiend,Tiny,12,13,fly,chaotic evil,-,Volo´s Guide to Monsters
Vecna the Archlich,26,undead (wizard),Medium,18,272,-,lawful evil,-,Extra (D&D Beyond)
Vegepygmy,1/4,plant,Small,13,13,-,neutral,-,Monsters of the Multiverse
Vegepygmy legacy,1/4,plant,Small,13,9,-,neutral,-,Volo´s Guide to Monsters
Vegepygmy Chief,2,plant,Small,14,33,-,neutral,-,Monsters of the Multiverse
Vegepygmy Chief legacy,2,plant,Small,14,33,-,neutral,-,Volo´s Guide to Monsters
Vellynne Harpell,4,humanoid (human),Medium,13,67,-,neutral,-,Adventures (Rime of the Frostmaiden)
Velociraptor,1/4,beast (dinosaur),Tiny,13,10,-,unaligned,-,Monsters of the Multiverse
Velociraptor legacy,1/4,beast,Tiny,13,10,-,unaligned,-,Volo´s Guide to Monsters
Venerable Shadow,2,undead,Medium,13,27,-,chaotic evil,-,Extra (AideDD)
Venom Troll,7,giant,Large,15,94,-,chaotic evil,-,Monsters of the Multiverse
Venom Troll legacy,7,giant,Large,15,94,-,chaotic evil,-,Mordenkainen´s Tome of Foes
Veteran,3,humanoid (any race),Medium,17,58,-,any alignment,-,Monster Manual (SRD)
Vine Blight,1/2,plant,Medium,12,26,-,neutral evil,-,Monster Manual
Violet Fungus,1/4,plant,Medium,5,18,-,unaligned,-,Monster Manual (SRD)
Vrock,6,fiend (demon),Large,15,104,fly,chaotic evil,-,Monster Manual (SRD)
Vulture,0,beast,Medium,10,5,fly,unaligned,-,Monster Manual (SRD)
Walrus,1/4,beast,Large,9,22,swim,unaligned,-,Adventures (Rime of the Frostmaiden)
War priest,9,humanoid (cleric),Medium,18,117,-,any alignment,-,Monsters of the Multiverse
War priest legacy,9,humanoid (any race),Medium,18,117,-,any alignment,-,Volo´s Guide to Monsters
Warhorse,1/2,beast,Large,11,19,-,unaligned,-,Monster Manual (SRD)
Warhorse Skeleton,1/2,undead,Large,13,22,-,lawful evil,-,Monster Manual (SRD)
Warlock of the Archfey,4,humanoid,Medium,13,67,-,any alignment,-,Monsters of the Multiverse
Warlock of the Archfey legacy,4,humanoid (any race),Medium,11,49,-,any alignment,-,Volo´s Guide to Monsters
Warlock of the Fiend,7,humanoid,Medium,13,78,-,any alignment,-,Monsters of the Multiverse
Warlock of the Fiend legacy,7,humanoid (any race),Medium,12,78,-,any alignment,-,Volo´s Guide to Monsters
Warlock of the Great Old One,6,humanoid,Medium,13,91,-,any alignment,-,Monsters of the Multiverse
Warlock of the Great Old One legacy,6,humanoid (any race),Medium,12,91,-,any alignment,-,Volo´s Guide to Monsters
Warlord,12,humanoid,Medium,18,229,-,any alignment,Legendary,Monsters of the Multiverse
Warlord legacy,12,humanoid (any race),Medium,18,229,-,any alignment,Legendary,Volo´s Guide to Monsters
Warrior (lvl 1),-,humanoid (any race),Medium,16,13,-,-,-,Rules (Essentials Kit)
Warrior (lvl 2),-,humanoid (any race),Medium,16,19,-,-,-,Rules (Essentials Kit)
Warrior (lvl 3),-,humanoid (any race),Medium,16,26,-,-,-,Rules (Essentials Kit)
Warrior (lvl 4),-,humanoid (any race),Medium,16,32,-,-,-,Rules (Essentials Kit)
Warrior (lvl 5),-,humanoid (any race),Medium,16,39,-,-,-,Rules (Essentials Kit)
Warrior (lvl 6),-,humanoid (any race),Medium,16,45,-,-,-,Rules (Essentials Kit)
Wastrilith,13,fiend (demon),Large,18,157,swim,chaotic evil,-,Monsters of the Multiverse
Wastrilith legacy,13,fiend (demon),Large,18,157,swim,chaotic evil,-,Mordenkainen´s Tome of Foes
Water Elemental,5,elemental,Large,14,114,swim,neutral,-,Monster Manual (SRD)
Water Elemental Myrmidon,7,elemental,Medium,18,127,swim,neutral,-,Monsters of the Multiverse
Water Elemental Myrmidon legacy,7,elemental,Medium,18,127,swim,neutral,-,Mordenkainen´s Tome of Foes
Water Weird,3,elemental,Large,13,58,swim,neutral,-,Monster Manual (BR+)
Weasel,0,beast,Tiny,13,1,-,unaligned,-,Monster Manual (SRD)
Were Bat,2,"humanoid (goblin, shapechanger)",Small,13,24,fly,neutral evil,-,Adventures (Dungeon of the Mad Mage)
Werebear,5,"humanoid (human, shapechanger)",Medium,10,135,-,neutral good,-,Monster Manual (SRD)
Wereboar,4,"humanoid (human, shapechanger)",Medium,10,78,-,neutral evil,-,Monster Manual (SRD)
Wererat,2,"humanoid (human, shapechanger)",Medium,12,33,-,lawful evil,-,Monster Manual (SRD)
Weretiger,4,"humanoid (human, shapechanger)",Medium,12,120,-,neutral,-,Monster Manual (SRD)
Werewolf,3,"humanoid (human, shapechanger)",Medium,11,58,-,chaotic evil,-,Monster Manual (SRD)
White Abishai,6,fiend (devil),Medium,15,68,fly,lawful evil,-,Monsters of the Multiverse
White Abishai legacy,6,fiend (devil),Medium,15,68,fly,lawful evil,-,Mordenkainen´s Tome of Foes
White Dragon Wyrmling,2,dragon (chromatic),Medium,16,32,"fly, swim",chaotic evil,-,Monster Manual (SRD)
Wight,3,undead,Medium,14,45,-,neutral evil,-,Monster Manual (SRD)
Wild Dog,1/8,beast,Medium,12,5,-,unaligned,-,Extra (Adventurers League)
Wild Dog Alpha,1,beast,Large,12,26,-,unaligned,-,Extra (Adventurers League)
Wildfire Spirit,-,elemental,Small,13,5,fly,-,-,Tasha´s Cauldron of Everything
Will-o'-Wisp,2,undead,Tiny,19,22,fly,chaotic evil,-,Monster Manual (SRD)
Winged Kobold,1/4,humanoid (kobold),Small,13,7,fly,lawful evil,-,Monster Manual (BR+)
Winter Eladrin,10,fey (elf),Medium,19,165,-,chaotic neutral,-,Monsters of the Multiverse
Winter Eladrin legacy,10,fey (elf),Medium,19,127,-,chaotic neutral,-,Mordenkainen´s Tome of Foes
Winter Wolf,3,monstrosity,Large,13,75,-,neutral evil,-,Monster Manual (SRD)
Wolf,1/4,beast,Medium,13,11,-,unaligned,-,Monster Manual (SRD)
Wood Woad,5,plant,Medium,18,75,-,lawful neutral,-,Monsters of the Multiverse
Wood Woad legacy,5,plant,Medium,18,75,-,lawful neutral,-,Volo´s Guide to Monsters
Worg,1/2,monstrosity,Large,13,26,-,neutral evil,-,Monster Manual (SRD)
Wraith,5,undead,Medium,13,67,fly,neutral evil,-,Monster Manual (SRD)
Wretched Sorrowsworn,1/4,monstrosity,Small,15,10,-,neutral evil,-,Monsters of the Multiverse
Wyvern,6,dragon,Large,13,110,fly,unaligned,-,Monster Manual (SRD)
Xorn,5,elemental,Medium,19,73,-,neutral,-,Monster Manual (SRD)
Xvart,1/8,monstrosity,Small,13,7,-,chaotic evil,-,Monsters of the Multiverse
Xvart legacy,1/8,humanoid (xvart),Small,13,7,-,chaotic evil,-,Volo´s Guide to Monsters
Xvart Warlock of Raxivort,1,monstrosity,Small,12,22,-,chaotic evil,-,Monsters of the Multiverse
Xvart Warlock of Raxivort legacy,1,humanoid (xvart),Small,12,22,-,chaotic evil,-,Volo´s Guide to Monsters
Yagnoloth,11,fiend (yugoloth),Large,17,147,-,neutral evil,-,Monsters of the Multiverse
Yagnoloth legacy,11,fiend (yugoloth),Large,17,147,-,neutral evil,-,Mordenkainen´s Tome of Foes
Yan-C-Bin,18,elemental,Huge,22,283,fly,neutral evil,Legendary,Adventures (Princes of the Apocalypse)
Yeenoghu,24,fiend (demon),Huge,20,333,-,chaotic evil,Legendary,Monsters of the Multiverse
Yeenoghu legacy,24,fiend (demon),Huge,20,333,-,chaotic evil,Legendary,Mordenkainen´s Tome of Foes
Yellow Musk Creeper,2,plant,Medium,6,60,-,unaligned,-,Adventures (Tomb of Annihilation)
Yellow Musk Zombie,1/4,undead,Medium,9,33,-,unaligned,-,Adventures (Tomb of Annihilation)
Yeth Hound,4,fey,Large,14,51,fly,neutral evil,-,Monsters of the Multiverse
Yeth Hound legacy,4,fey,Large,14,51,fly,neutral evil,-,Volo´s Guide to Monsters
Yeti,3,monstrosity,Large,12,51,-,chaotic evil,-,Monster Manual (BR)
Yochlol,10,"fiend (demon, shapechanger)",Medium,15,136,-,chaotic evil,-,Monster Manual
Young Amethyst Dragon,9,dragon (gem),Large,18,168,"fly, swim",neutral,-,Fizban´s Treasury of Dragons
Young Black Dragon,7,dragon (chromatic),Large,18,127,"fly, swim",chaotic evil,-,Monster Manual (SRD)
Young Blue Dragon,9,dragon (chromatic),Large,18,152,fly,lawful evil,-,Monster Manual (SRD)
Young Brass Dragon,6,dragon (metallic),Large,17,110,fly,chaotic good,-,Monster Manual (SRD)
Young Bronze Dragon,8,dragon (metallic),Large,18,142,"fly, swim",lawful good,-,Monster Manual (SRD)
Young Copper Dragon,7,dragon (metallic),Large,17,119,fly,chaotic good,-,Monster Manual (SRD)
Young Crystal Dragon,5,dragon (gem),Large,15,95,fly,chaotic neutral,-,Fizban´s Treasury of Dragons
Young Deep Dragon,5,dragon,Large,16,93,"fly, swim",neutral evil,-,Fizban´s Treasury of Dragons
Young Dragon Turtle,10,dragon,Huge,19,178,swim,neutral,-,Fizban´s Treasury of Dragons
Young Emerald Dragon,8,dragon (gem),Large,17,142,fly,lawful neutral,-,Fizban´s Treasury of Dragons
Young Gold Dragon,10,dragon (metallic),Large,18,178,"fly, swim",lawful good,-,Monster Manual (SRD)
Young Green Dragon,8,dragon (chromatic),Large,18,136,"fly, swim",lawful evil,-,Monster Manual (SRD)
Young Kruthik,1/8,monstrosity,Small,16,9,-,unaligned,-,Monsters of the Multiverse
Young Kruthik legacy,1/8,monstrosity,Small,16,9,-,unaligned,-,Mordenkainen´s Tome of Foes
Young Moonstone Dragon,8,dragon,Large,18,144,fly,neutral,-,Fizban´s Treasury of Dragons
Young Red Dragon,10,dragon (chromatic),Large,18,178,fly,chaotic evil,-,Monster Manual (SRD)
Young Red Shadow Dragon,13,dragon,Large,18,178,fly,chaotic evil,-,Monster Manual
Young Remorhaz,5,monstrosity,Large,14,93,-,unaligned,-,Monster Manual
Young Sapphire Dragon,9,dragon (gem),Large,17,157,fly,lawful neutral,-,Fizban´s Treasury of Dragons
Young Sea Serpent,8,dragon,Huge,16,123,swim,neutral,-,Fizban´s Treasury of Dragons
Young Silver Dragon,9,dragon (metallic),Large,18,168,fly,lawful good,-,Monster Manual (SRD)
Young Topaz Dragon,7,dragon (gem),Large,17,127,"fly, swim",chaotic neutral,-,Fizban´s Treasury of Dragons
Young White Dragon,6,dragon (chromatic),Large,17,133,"fly, swim",chaotic evil,-,Monster Manual (SRD)
Yuan-ti Abomination,7,"monstrosity (shapechanger, yuan-ti)",Large,15,127,-,neutral evil,-,Monster Manual (BR+)
Yuan-ti Anathema,12,monstrosity,Huge,16,189,swim,neutral evil,-,Monsters of the Multiverse
Yuan-ti Anathema legacy,12,"monstrosity (shapechanger, yuan-ti)",Huge,16,189,swim,neutral evil,-,Volo´s Guide to Monsters
Yuan-ti Broodguard,2,monstrosity,Medium,14,45,-,neutral evil,-,Monsters of the Multiverse
Yuan-ti Broodguard legacy,2,humanoid (yuan-ti),Medium,14,45,-,neutral evil,-,Volo´s Guide to Monsters
Yuan-ti Malison,3,"monstrosity (shapechanger, yuan-ti)",Medium,12,66,-,neutral evil,-,Monster Manual (BR+)
Yuan-ti Mind Whisperer,4,monstrosity (warlock),Medium,14,71,-,neutral evil,-,Monsters of the Multiverse
Yuan-ti Mind Whisperer legacy,4,"monstrosity (shapechanger, yuan-ti)",Medium,14,71,-,neutral evil,-,Volo´s Guide to Monsters
Yuan-ti Nightmare Speaker,4,monstrosity (warlock),Medium,14,71,-,neutral evil,-,Monsters of the Multiverse
Yuan-ti Nightmare Speaker legacy,4,"monstrosity (shapechanger, yuan-ti)",Medium,14,71,-,neutral evil,-,Volo´s Guide to Monsters
Yuan-ti Pit Master,5,monstrosity (warlock),Medium,14,88,-,neutral evil,-,Monsters of the Multiverse
Yuan-ti Pit Master legacy,5,"monstrosity (shapechanger, yuan-ti)",Medium,14,88,-,neutral evil,-,Volo´s Guide to Monsters
Yuan-ti Pureblood,1,humanoid (yuan-ti),Medium,11,40,-,neutral evil,-,Monster Manual (BR+)
Zaratan,22,elemental,Gargantuan,21,307,swim,neutral,Legendary,Monsters of the Multiverse
Zaratan legacy,22,elemental,Gargantuan,21,307,swim,neutral,Legendary,Mordenkainen´s Tome of Foes
Zariel,26,fiend (devil),Large,21,420,fly,lawful evil,Legendary,Monsters of the Multiverse
Zariel legacy,26,fiend (devil),Large,21,580,fly,lawful evil,Legendary,Mordenkainen´s Tome of Foes
Zombie,1/4,undead,Medium,8,22,-,neutral evil,-,Monster Manual (SRD)
Zuggtmoy,23,fiend (demon),Large,18,304,-,chaotic evil,Legendary,Monsters of the Multiverse
Zuggtmoy legacy,23,fiend (demon),Large,18,304,-,chaotic evil,Legendary,Mordenkainen´s Tome of Foes